label,f1,f2,f3,f4,f5,f6,f7,f8,f9,f10,f11,f12,f13,f14,f15,f16,f17,f18,f19,f20,f21,f22,f23,f24,f25,f26,f27,f28,f29,f30,f31,f32,f33,f34,f35,f36,f37,f38,f39,f40,f41,f42,f43,f44,f45,f46,f47,f48,f49,f50,f51,f52,f53,f54,f55,f56,f57,f58,f59,f60,f61,f62,f63,f64,f65,f66,f67,f68,f69,f70,f71,f72,f73,f74,f75,f76,f77,f78,f79,f80,f81,f82,f83,f84,f85,f86,f87,f88,f89,f90,f91
ADIOS,0.11211317814315439,0.07563943663460505,0.06324041469584189,0.06856865617304102,0.28346007429732106,2.0075876535934554,1.7412219553710258,1.6049750796878224,1.78548840389407,0,0,0,0,0,0,0,0,0,0.03743356217212659,0.029985740375936078,0.020703270974004942,0.03385850047186006,0.09156955439039277,0.7858057056254045,0.9783562353570159,1.1347850430204525,0.9441010149045734,0,0,0,0,0,0,0,0,0,0.05575184962007006,0.03801751952038134,0.03485377177773058,0.027357121279903144,0.16086852752317804,1.0484723057206884,0.620789353892235,0.42607210784181887,0.6893480276914077,0,0,0,0,0,0,0,0,0,0.18521087973516437,0.16651811198039074,0.15259744373400025,0.1299143327635826,0.435176767036202,3.061569296983626,3.0746299822798377,3.1137389444921326,3.0640745262721034,0,0,0,0,0,0,0,0,0,0.011480704829951402,0.011709583535393822,0.007615242700232193,0.011398973430115216,0.026213032098042297,0.25271219404841844,0.2989807202610476,0.33122271926895935,0.27743424061169525,0,0,0,0,0,0,0,0,0,0.8615384615384616
ADIOS,0.09959466265807579,0.06981183480511642,0.06247265330362616,0.0651657821184402,0.2673662729404235,1.8955648968720316,1.6152783251813387,1.4867144045862069,1.6337265955526117,0,0,0,0,0,0,0,0,0,0.020415589613973554,0.027912054800768006,0.01242616802957649,0.026792495559901278,0.060596549934185,0.7335738519362394,0.9555287518001816,1.1226330411638743,0.9373548407971283,0,0,0,0,0,0,0,0,0,0.057555531411821265,0.0388867809598511,0.04226233806320264,0.0293794594009233,0.18755006233544352,1.1579856495563106,0.6206744968701198,0.39641734117495553,0.6995096416512565,0,0,0,0,0,0,0,0,0,0.14598409336049517,0.1754919900011228,0.09647212659325993,0.13083778509877156,0.404221730838053,3.0276161056015054,2.999107712783189,3.1338489085032646,3.013228419817294,0,0,0,0,0,0,0,0,0,0.00873389643784321,0.011413524980064335,0.006252855175943291,0.010194011576843862,0.020860260931599577,0.2274119792836928,0.2767592647633527,0.32471094463122,0.2624166708625844,0,0,0,0,0,0,0,0,0,0.8769230769230769
ADIOS,0.1454858080517324,0.08462506967370227,0.07411744668100721,0.08727982131033515,0.34880265888882606,2.115186375716489,1.9046979375408426,1.784798828435156,1.8654337189215533,0,0,0,0,0,0,0,0,0,0.07200816171392826,0.031192989922883742,0.021133355631559426,0.041949698750513346,0.13038917144677023,0.756671992065376,0.9794271185846547,1.113673367038445,0.93655416069534,0,0,0,0,0,0,0,0,0,0.04583809718279578,0.034621436595250334,0.03485421714136335,0.03228919742828139,0.1857564878272998,1.086177580831338,0.6584797963845076,0.447816847636329,0.6644348299997442,0,0,0,0,0,0,0,0,0,0.2598472278717206,0.14633974582218862,0.14297109484006384,0.1547233985413803,0.5444748556875069,3.025908873484049,3.063754392861664,3.1218990594257616,3.035365144667767,0,0,0,0,0,0,0,0,0,0.020204164652609543,0.013972247081921498,0.010927076938212084,0.01548978015204357,0.034599519538946376,0.23716271980764936,0.3126953853931691,0.34337219789268736,0.30700816801196923,0,0,0,0,0,0,0,0,0,0.7846153846153846
ADIOS,0.09404947536734194,0.054145371792496885,0.06054570761191484,0.0690490632921597,0.1866933682994356,2.1486178960541618,2.0521636932787977,1.9083679838677792,1.9016825164591753,0,0,0,0,0,0,0,0,0,0.047519730263806396,0.014804487419406527,0.018754233799052437,0.03252219934095225,0.06882822222775811,0.8553829864036817,0.9670968264075764,1.224416881444299,1.1136935055935147,0,0,0,0,0,0,0,0,0,0.01511525432220676,0.031746122382755995,0.03438234162476218,0.03113878742455452,0.08978073545609982,1.0278431057300628,0.780813504730705,0.27515921817849864,0.45505600483759284,0,0,0,0,0,0,0,0,0,0.2024363723129725,0.10012228653520143,0.11201215554595971,0.12776601020530942,0.38537972375891694,3.0250697084492506,2.9759082121543914,3.0913337548801554,3.048269267231833,0,0,0,0,0,0,0,0,0,0.013781823305297668,0.005359884064427267,0.007801554722681719,0.008314221246021327,0.017142721956100844,0.17798158741667464,0.2119742238606592,0.2745650705167487,0.2454285013602067,0,0,0,0,0,0,0,0,0,0.8615384615384616
ADIOS,0.10089552483829121,0.06097864462077076,0.06137459331082423,0.07356451242156781,0.16940960969560584,2.3847228216619833,2.2213997474296523,2.164014494513944,2.1775966607872075,0,0,0,0,0,0,0,0,0,0.045918835081714376,0.01673949209769379,0.01678844371209321,0.03393284985783785,0.06852001237593043,0.8424133153595114,0.971497924012043,1.1606981933990892,1.0065394766832978,0,0,0,0,0,0,0,0,0,0.020517542576759026,0.03488315940869022,0.03842394335063994,0.026631943610543298,0.051673542878704806,1.047760979482264,0.8258712123643785,0.47234837211701947,0.6573981719472765,0,0,0,0,0,0,0,0,0,0.16563347398019035,0.10829727572532243,0.10945332947438398,0.12246271826909026,0.3440531795475694,3.074679511663592,3.012866205036363,3.098912752179052,3.017943306639789,0,0,0,0,0,0,0,0,0,0.011079377384124353,0.008269973511798577,0.005582270252293495,0.008294909856522198,0.018194010281589096,0.17184630198590242,0.1893386510756135,0.24273847411113617,0.22389612295859618,0,0,0,0,0,0,0,0,0,0.7538461538461538
ADIOS,0.08043822569782483,0.05558444956874341,0.05812482989658254,0.06379250341428952,0.1653832904681536,2.167126735865246,2.046750769750755,1.9059393426521434,1.8488900294735873,0,0,0,0,0,0,0,0,0,0.036931933981558564,0.0163490643933898,0.019322800937462206,0.029614280388406806,0.05526837490501429,0.8314933124102448,0.9723958781054667,1.2166819651092302,1.1413604346352917,0,0,0,0,0,0,0,0,0,0.012411893413290201,0.021972681119564005,0.03456418908128794,0.030481515669037573,0.0865589925352869,1.0417152041294127,0.6847940486859354,0.23930507965815573,0.2801013178124649,0,0,0,0,0,0,0,0,0,0.17023904911167984,0.10736641040167144,0.11233212832710845,0.1260838441583432,0.33185959780166324,3.1201573691022064,3.0160557615614767,3.103148320140924,3.067583995543048,0,0,0,0,0,0,0,0,0,0.012625689380642001,0.006728750732042305,0.00540707036090282,0.006955900552700528,0.01775616279372571,0.1964841025913723,0.2498667204181863,0.30904832408979716,0.2888764688011994,0,0,0,0,0,0,0,0,0,0.9384615384615385
ALGUNA_PREGUNTA,0.13405665313606555,0.1670233093665344,0.0531678066163019,0.03802651081814265,0.15492600301847717,2.846283195065482,1.590279456295055,1.1787227566536536,1.2199322800500139,0.07378530981730262,0.07267218631996362,0.02066651503746593,0.012315124059178086,0.058663276660872246,1.3853011106948872,0.954005320626289,0.780006046771832,0.8354611284372827,0.038828286875168004,0.04571051214969078,0.01493526812132915,0.014830451230400872,0.050623491889378744,0.4154523107004354,0.6256482006242795,0.5840452111538624,0.6469021345681827,0.08110641420102901,0.08528978782243091,0.02100865169353031,0.014561891760872848,0.05848390507965761,1.369608316839605,0.97948041432705,0.8352457131776041,0.8815114242008185,0.02229528900605055,0.030157957739935605,0.02825760956968712,0.014368263000827414,0.09390345861735883,0.8570126806063995,0.4545217131375559,0.14015449649198633,0.16084210503499438,0,0,0,0,0,0,0,0,0,0.20256558819569834,0.27976422159525055,0.10081327476294452,0.08753491059740394,0.29449864387314895,3.133135876290114,3.036758575151874,2.9542436043067397,2.8478994459104894,0.21996625928480343,0.22384691413766966,0.06984803722054994,0.07321058641539077,0.15535344892034914,3.092989686053921,2.946728828583587,2.8901911686732302,2.8653080097364083,0.024161419334673855,0.03354416264909313,0.008831227869340715,0.0059255936735354555,0.019060313418039307,0.27426342089715544,0.30567079237276296,0.2877544989545772,0.3037673867534873,0.023802822584705587,0.025548516516302383,0.005888855177232668,0.005248845739061912,0.012573212390963982,0.26966679060127247,0.28639107223299054,0.2728233836064483,0.2727642239397817,0.9230769230769231
ALGUNA_PREGUNTA,0.11773715563906331,0.15007506820893207,0.04602491094990296,0.035358994054733195,0.13994508725149726,2.9039564785771774,1.6083740782792522,1.2562225393837212,1.3066139059295845,0.06433978285053138,0.07054171696347775,0.018328922477582908,0.010771672467205454,0.051804569087541295,1.3535668206956581,0.7713075189601941,0.6156268035926872,0.7245967275434364,0.03154422051361673,0.03767863400393083,0.013787177625182752,0.014414238561709768,0.05120542149929887,0.2872286853154714,0.5697636950050867,0.5704225815845707,0.5938675246434241,0.07054919387564648,0.07916186596011693,0.026365385989010982,0.01782057408987746,0.05848618379758399,1.4365805343902198,0.8478567734693291,0.6758741678380942,0.7946701063761807,0.03231277179556228,0.0212535928304967,0.018207790512682148,0.012849293597367663,0.027589800485110647,1.5306682547211536,0.4129216714781526,0.33557149869471004,0.21993410800311095,0,0,0,0,0,0,0,0,0,0.17017555732567502,0.26137082448913207,0.07876615441715269,0.06895462959165954,0.269383334023448,3.126506840773771,3.037135009934381,3.0660230624131306,2.911864896661323,0.17007747850798585,0.24586342962735183,0.16627373838527273,0.1103229237787002,0.19829052822145862,3.1138389473221273,2.795774897175701,1.8784986542105138,2.1905493211740126,0.020224203423633538,0.028483541684956554,0.008291332981459188,0.006112521603217657,0.022551870239059475,0.1801111652653562,0.2897663170227798,0.2631377843101293,0.25462433490032416,0.01437973325597808,0.020681468477482697,0.010593126185233184,0.008969886380717829,0.01726671882467792,0.26186616784097544,0.19265977102666226,0.13913013271478822,0.1539280058815962,0.8769230769230769
ALGUNA_PREGUNTA,0.1443186378886852,0.15378252929915304,0.04850293682582941,0.03458774544405421,0.13740672623369582,2.7232286626327755,1.6067920171093348,1.1599263855784647,1.195966750864629,0.07533327336838078,0.07548264765068914,0.022309224801540295,0.01542879055680631,0.06490812799319894,1.3885020940677208,0.9222346853586422,0.7365460159828735,0.7795887293333389,0.047507696768352946,0.06881995947821694,0.015238305757918113,0.011917558744531896,0.041139189539495934,0.5568191524878694,0.5821439155231973,0.5758181680041888,0.6089649491922785,0.07925997239544016,0.08417087212370403,0.023019903432024702,0.017044113769775212,0.06591578679375536,1.387539203136016,0.9400215363576656,0.7758585586945772,0.816339595625819,0.023914872690918264,0.009942876328006934,0.026023879544800215,0.012559531619089848,0.08351157727900536,0.8069084407430445,0.4529939018840911,0.21466976086944223,0.2540649021967539,0,0,0,0,0,0,0,0,0,0.22402063556602902,0.24231736965549308,0.10973581730862161,0.07010259851110931,0.2706564907817962,3.1247262685313264,2.9933984246692726,2.8531198733557614,2.774506752665865,0.1894169513872558,0.20684466214434,0.0742943732249724,0.07209581578524035,0.23477443334188333,3.100065660869452,3.038014380094249,2.9833809789988672,2.9010585855075393,0.02521366141904394,0.03389035777682589,0.011390091752927834,0.005535778491504254,0.020751853166010734,0.2995901059413215,0.3511540319703496,0.2549751481690769,0.24898925486084994,0.012794445939184577,0.01334841333289665,0.0054197043086747524,0.0056873004785594075,0.012729311090822622,0.20214948585781525,0.19981566234596057,0.19509156303532862,0.2061760385550782,0.9846153846153847
ALGUNA_PREGUNTA,0.12930545229731563,0.11871122773661946,0.04358264464492157,0.03826388395562558,0.09393312018954035,2.706294473175233,2.1789496022391437,2.0862082349789772,2.17605989559983,0.0920185396023944,0.09998159055246587,0.030912788351552003,0.030579117593825752,0.07750774202900139,2.629365918510378,2.0977542728155805,1.9661451054033836,2.2722537397709353,0.035824120156933745,0.06019968340494244,0.012795152586520721,0.015442275276605247,0.032707834378263335,0.3891974913414486,0.4125128378994887,0.49010495243642505,0.4889353485909089,0.05481650062639011,0.06281195224787059,0.013052981436437109,0.021821783275465054,0.03353641319748523,0.6829748408947509,0.5479456311618496,0.5382246845284844,0.5625117400749056,0.020158741987348898,0.019992585011041664,0.01594275888936395,0.019281477019459085,0.03548364308025993,0.7861346745699829,0.4767122120857572,0.3010591618329625,0.34266366766888834,0,0,0,0,0,0,0,0,0,0.20902153863541112,0.2084981675668152,0.06937126970326414,0.08450139842703175,0.20112685133710734,3.1254383037918863,2.9038194964591604,2.8431620166934857,2.766937840349782,0.212570610348647,0.2269937132447886,0.07916656223802626,0.10170424666876494,0.21742663950124821,3.0858320187466766,2.707193679889354,2.715349963579502,2.866590254821686,0.012222959722796425,0.01170047415598042,0.0052341145345174015,0.004303175282005015,0.013240193606274417,0.1672190166326668,0.23283108765473445,0.26078383154969537,0.27662219058928267,0.04058759007144738,0.045460417494109326,0.0075286168040002415,0.015586839823641008,0.020405722775197165,0.36650384584715096,0.2921730202538927,0.32347309342135394,0.3003110017980351,0.9692307692307692
APAGA_LA_LUZ,0.08224369031836647,0.08096128984870955,0.053663095076756546,0.05270767290242419,0.17861251336386016,2.264104071981413,1.583743177786032,1.3767482531320974,1.5228362547651786,0.03503202289772183,0.0433223539891562,0.023071420034325146,0.023206455441426268,0.06773382125439424,0.8568279293572498,0.5299285580189819,0.5183131600924634,0.583283610011726,0.0318513751172646,0.04585082716547574,0.021234321194622617,0.032758002482438556,0.07007949551196431,0.7475233453162203,0.870356810022777,1.0050143495355173,0.8527909464503466,0.05905433690607017,0.07052464593177922,0.037870045614461494,0.03919498232682634,0.11360088763743324,1.3328091579556103,1.014546485718648,1.0030132974784756,1.0187539779893915,0.01984265579393044,0.026144056022524183,0.028838598400017366,0.01870068496190185,0.10581515851428747,0.9941351468661591,0.6761437993473811,0.36005164245924626,0.6656373305744834,0,0,0,0,0,0,0,0,0,0.16223308572872597,0.16257169582254422,0.10833206707792632,0.13224097490792436,0.3494468645391469,3.0860325315134705,3.119281816521998,3.103275440483342,2.9273279285408536,0.1816945901527339,0.20262209492794367,0.10697945011014397,0.12589435094790066,0.3331966080804553,3.014493791894644,3.037828629434295,3.0167258681593685,2.8889690891201107,0.02075649899045402,0.021522963054053056,0.009999066204192962,0.010054586535611674,0.025605157461338603,0.2945174227027686,0.2021937771659558,0.19685458483736482,0.15324948790422718,0.014508529911018406,0.01736200583104715,0.009230400080414305,0.010490332176082886,0.027717429882728028,0.3016727804231233,0.2087261825971724,0.20094606660205122,0.2545479254946199,0.6307692307692307
APAGA_LA_LUZ,0.11184602985970109,0.09493676012757397,0.062354543869425745,0.061811086755586254,0.21988799551076452,2.5760027752954477,1.8764280594454064,1.6949936503655458,1.7249048801657851,0.052428539422281824,0.04071637348640199,0.041913110012722084,0.035609977938510916,0.1367582536966044,1.124365503429835,1.046233653437681,0.99407151317261,1.0083597995947495,0.03902398262249082,0.04675987249304738,0.021319961998187937,0.03258628091158327,0.09468354078260655,0.527312838364267,0.8997853562245802,1.0110155269695722,0.9019632677409484,0.06968106102758401,0.05263459029515577,0.053700862898189004,0.04747546593537581,0.17474875951432683,1.3960553343443,1.3483515820626657,1.3035551471342814,1.3040481496681167,0.027119599276145663,0.013613691151590451,0.02472609667314983,0.017133360240077316,0.08830564779733592,1.189698397073872,0.19963121121096186,0.4264588838599089,0.6617815660366695,0,0,0,0,0,0,0,0,0,0.22706631570180927,0.21170695149076982,0.13937078981314244,0.13071795198498826,0.39460879214950056,3.065216338599576,3.1157405782708802,3.035983062018257,3.0046388930767214,0.2672941441850029,0.1920045094701861,0.1411798136116039,0.14698324492463596,0.4438079004924408,3.0614596191921453,3.0311740337950535,3.05297000813202,2.929994203009171,0.025189665699329518,0.03197719059206368,0.01449824741167355,0.011209341106382883,0.026761099821292086,0.32325256711574946,0.29247771164490965,0.2766145389614617,0.2455212333807964,0.01931683896588205,0.01448028245951184,0.012620674485617335,0.01036870987115604,0.03972752427721721,0.26919166799195954,0.2637693766320012,0.30630076781402804,0.3184585557612402,0.7384615384615385
APAGA_LA_LUZ,0.09663669562840072,0.08729319925412111,0.056720779175838336,0.05564467110268798,0.18473715404170576,2.3511027446577804,1.9567642690360791,1.7969520170519626,1.9047158365986818,0.050310828741288664,0.04972752255694721,0.0339892038655834,0.032968066321848274,0.10042591236324366,1.088043922863305,0.8407088952003771,0.8249133735741212,0.8411742660453637,0.0508447495057124,0.051891667899275754,0.02827604982894489,0.038598906311945645,0.10802326859131765,0.6718942392663158,0.7361898566696994,0.8714809396346779,0.7187709685001419,0.06760987817284679,0.06984658805054995,0.04508096000160557,0.04454006900660326,0.1366840579021673,1.3938267576622914,1.2376543293265616,1.2317717796881,1.1981662531317223,0.018763846237095715,0.020578863538713316,0.025423761661965246,0.01517560390505665,0.06755041362420991,0.8119786283071171,0.7724389783861193,0.638908173428819,0.7083286029126086,0,0,0,0,0,0,0,0,0,0.23474398010226621,0.18131388480673852,0.144440197725033,0.13356563190633294,0.4659635212663574,3.1280163408346824,3.1198692414580926,3.113961621827505,3.0167077310505768,0.18438823495706286,0.2171008126227092,0.11777589371787998,0.13053996248439914,0.39421244945204154,3.0571822469042154,3.060722470217689,3.1028705478997995,2.9206883247727733,0.02806456554115285,0.02977190020175789,0.013217146877791628,0.00999614334623869,0.028576151674805234,0.3131830149781953,0.19920748590165943,0.19263869200917383,0.2518337189710432,0.021927860761334506,0.021515783998257803,0.013296368604179867,0.013619694896771652,0.04128491823943268,0.3682191002362279,0.3811602945428958,0.3755799394298861,0.3740516150410656,0.7692307692307693
APAGA_LA_LUZ,0.09410556743392409,0.0763718889357179,0.050884267869889796,0.05975938546813813,0.163452020150005,2.8402581450497504,2.3115354512155943,2.199567253395894,2.2757671884334267,0.07011639600338701,0.03497397728684181,0.04109758447835384,0.056795451061911986,0.17610341246146644,1.761358287504649,1.6540086142019408,1.5883287129681696,1.4997108147774394,0.0189319912049094,0.03961556294001287,0.016340988523714774,0.030422720792737272,0.07662262546308155,0.3246227344265851,0.6708018582604469,0.787040045713172,0.5569312601787565,0.04988636718511219,0.025941424211336352,0.027478851247799037,0.04176979374076102,0.11939443887071503,1.322088974288684,1.3685713832888362,1.301801774127598,1.2191887068772411,0.02260600300296144,0.021118788958442315,0.02551885868405851,0.013978904149865018,0.0550990879023469,1.0290991191796501,0.639751993683751,0.3256851797269172,1.305260264041491,0,0,0,0,0,0,0,0,0,0.13183762535330548,0.13431835629420472,0.10229634045176185,0.1058918945301738,0.30667606200598385,3.108372510371389,3.0992379380186836,3.1374020962247657,2.978713242873384,0.14521686706011158,0.09909933518154217,0.0753829071051005,0.11839208868996484,0.33371115669987517,3.1047694679477726,3.1170539291948844,3.073684755734846,2.891291825649972,0.010907881890318674,0.012424259090960212,0.008756022816037849,0.011026567203620267,0.01877900619957063,0.21258903877533825,0.3046580237017777,0.30345497065579474,0.18640390517419367,0.014148761058045262,0.011736948521888798,0.008166004017038512,0.011103828127484387,0.029221647078073905,0.3464833381866005,0.279132466060035,0.28470393454121534,0.30467228783662686,0.8307692307692308
APAGA_LA_LUZ,0.08123640147409229,0.07228168421222907,0.04119905133655115,0.04832543154486598,0.12655934264087323,2.7224729489610273,1.9572223827709083,1.8491502363088472,1.9789590660277288,0.034445818851627584,0.017354496345663373,0.02221557356853408,0.031295014589062906,0.09056841186763333,0.9810761222595629,0.9907776372767275,0.9613895254397532,0.9412745683314596,0.02556076213311964,0.0350241791494137,0.017874920697547796,0.029211522554312766,0.05628475134230582,0.45969020752366996,0.7455265300075171,0.859386156834901,0.6970845600491357,0.04395552243429525,0.02239228602165144,0.028204429917346334,0.041328690411037684,0.11510883354157957,1.2969958504733,1.3512152031211053,1.3092265447041762,1.2646251528706884,0.016029295588552407,0.010166585099546157,0.014275651768355376,0.007211824470352506,0.03581769130971085,1.260528213303279,1.0884721470656258,0.8718277415433727,1.1543478457105434,0,0,0,0,0,0,0,0,0,0.11964135036864665,0.1459840243793715,0.09713474292130009,0.09526825281828978,0.21673702107480888,3.1344897624981027,3.115231435168247,3.1079897350942027,2.99439449854581,0.1177248754909866,0.06450907400790204,0.07224996397157939,0.10378157634767599,0.27740868778650907,2.9720205968666877,3.104539267358981,3.028456671798734,2.896918119951744,0.010827691087285969,0.011318726357167247,0.005446476817427921,0.006751134668030355,0.012893142202296419,0.17004436021966327,0.12715521290492662,0.1313713860799492,0.11778289108060465,0.006339337873902606,0.0035674605558850625,0.003250210586916717,0.0028402114670563095,0.008705063060680605,0.1024362895706006,0.08478713194102497,0.06704458307863811,0.06767238793758662,0.9076923076923077
APAGA_LA_LUZ,0.0869565127677304,0.07724184818002182,0.047645015391940895,0.059457765835368936,0.12783283060713144,2.801986118261349,2.270000856356069,2.0977982975298586,2.2807525366287,0.04466490026813593,0.026392668688570785,0.030706288535763092,0.04164085332562772,0.11338394545857071,1.502542373963216,1.492129423295668,1.422663755976803,1.3196708112781592,0.02433681009735143,0.0517812126330413,0.017404034153800044,0.029283737548836303,0.05470276106897846,0.43689955238984585,0.6696260358527327,0.8083681653504916,0.5794706206195713,0.04524982112232908,0.027689637142788395,0.02966148475492417,0.04131720623794773,0.10935398525950671,1.4369704183863,1.4392225406232977,1.3797123805096467,1.2870200884840417,0.0199995034947639,0.016275004860610065,0.01973587018359685,0.017466387393352354,0.03734317804826851,1.143771358040234,0.6637988883085996,0.18555230555529068,0.2803885882565661,0,0,0,0,0,0,0,0,0,0.1290282588634565,0.1701624911865733,0.10023402155416698,0.1288875855305372,0.24404310543774624,3.117935086471639,3.0865925722290477,3.1269872180852762,3.067561011774887,0.13419840859417417,0.09799810238173055,0.07702226077453603,0.10804333128603927,0.26910670731253966,3.119321145296661,3.1135358850125745,3.0921500470917276,2.9083604367341276,0.013324660219061825,0.012115175943370552,0.008218673491718502,0.016577170185740196,0.016327905897951342,0.20330475435008977,0.2152504820630941,0.23835752066996518,0.25099716453503473,0.01338452080677355,0.009098046577674697,0.0076290886352771235,0.013891139607300016,0.024473693171034084,0.32060723078947073,0.33753274235404956,0.3375485772517709,0.33849236095897317,0.9846153846153847
BUENAS_NOCHES,0.10712207313469092,0.024563090778883048,0.02376340502045929,0.052656433606006005,0.10889395919922151,2.7918762967520845,2.6886319421163134,2.6724182593800516,2.7196899808931576,0.002904173158039321,0.0005369863108367289,0.0004217126373768408,0.0008840454343805133,0.002779186074212289,0.0816323060634691,0.0822264431409917,0.08113910586975172,0.07960455322395861,0.03982876168158607,0.0081945004901854,0.010862610311813552,0.020762063270313106,0.057321531963415,0.18585358471627278,0.2710650884691692,0.27402700890367987,0.2803364012918323,0.017665395667219426,0.00326636021084073,0.0025651778291890873,0.005377438443330998,0.016905128916945122,0.4965499325847063,0.500163927337722,0.4935499129264266,0.48421559359182625,0.03326133451999162,0.0076806079298002245,0.0049703202763913355,0.02842119479356247,0.04776043680879721,2.505050169728892,2.3160303138403084,2.2566958643897643,2.181903952533645,0,0,0,0,0,0,0,0,0,0.20517471673860047,0.04178260169617911,0.049829842131184396,0.10776010651149577,0.22664969788833672,3.090226934936641,3.1180413598414782,3.099205296218247,3.134953676020581,0.1103585800054942,0.020405479811795697,0.01602508022031995,0.033593726506459504,0.10560907082006699,3.102027630411826,3.124604839357685,3.083286023050565,3.024973022510427,0.015980913011870067,0.00592079082124453,0.006273372470773801,0.008094132362886667,0.016749731293929378,0.05764522330052013,0.07395187688860028,0.05290491207648157,0.05471992798987094,0.005965328648945632,0.0011029989087457134,0.000866220552449727,0.0018158771084572705,0.0057085984227063236,0.16767716921145004,0.1688975588841992,0.1666641093540846,0.1635120552708339,0.5846153846153846
BUENAS_NOCHES,0.12365961832413216,0.029839206435114476,0.028909651978676076,0.051833037522066534,0.14876346999361562,2.885696026929436,2.8091843308632267,2.79732430589627,2.8259988194067422,0.03503929783167986,0.0040434035349636395,0.006868351314507063,0.014379643637173612,0.02497354847891055,0.48414638026509527,0.4716783542868654,0.4627370883552209,0.47268127686900735,0.043450280879379466,0.012214796929935516,0.016380311409452706,0.021661179250496904,0.044661709698916904,0.20997941218252603,0.294989390359301,0.4233738001634779,0.37880386056959076,0.08172901436651372,0.01138538362532012,0.016456169500369173,0.034584980928522746,0.056893176495684594,1.0984300734237313,1.0705051389993387,1.049908088440254,1.0719891114382936,0.047261942586812676,0.004669025636715619,0.007673266111798612,0.021971927214905727,0.03409246000804244,1.912176075915152,1.6449866565621285,1.0481247772882696,1.1262223291939684,0,0,0,0,0,0,0,0,0,0.2077888892729872,0.07778184255068647,0.11128040802377498,0.08338662562475879,0.23032963307608245,3.090807251887135,3.097499086662736,3.124144822194203,3.1182602803202375,0.2656198006462263,0.05703810810767845,0.053199334675866246,0.11517417482397632,0.17437762561098286,3.1243510386254,3.1252715654423207,3.0010585985036338,2.9446633255342247,0.0230162224440637,0.008030591923203722,0.008214665428414205,0.00693889408795822,0.023769368282671583,0.10169340877963313,0.10641193466527195,0.12186436713120351,0.12186286442228657,0.020339063878948554,0.004630586893285557,0.0034166070587980414,0.007281091102754774,0.014977286068922633,0.29718220544418483,0.29252925286138426,0.2860345305016426,0.2818798897899833,0.6615384615384615
BUENAS_NOCHES,0.14152417385667898,0.029853134394828226,0.029824888718478163,0.05565604122285449,0.13478161696349938,2.938984389985638,2.8638490000296617,2.819825038758015,2.817055248723622,0.018500721624871947,0.00217080788764401,0.0020229525896619297,0.006098913904983716,0.014800806071282712,0.28881130397048416,0.28822535168981656,0.28537098348097284,0.28377380219633197,0.04714168631477743,0.011229183420696311,0.00895819114015078,0.02442599170684759,0.06105753303005561,0.17689815551575053,0.3065241581708317,0.37542551878100167,0.33817733668699307,0.06086608749407555,0.007012791103178221,0.006466144553394434,0.02125895844155754,0.047131639723768624,0.8907011347742604,0.8888399536556245,0.8797383405359309,0.8748007166830452,0.07261528027910187,0.013236333936347502,0.012192147899742073,0.029984345445203415,0.05172892621091137,2.2896540425801546,1.3724568394117123,0.9769806185234906,1.2467405973873964,0,0,0,0,0,0,0,0,0,0.2813274510909508,0.07155053722715721,0.053990851728792644,0.11612641205684526,0.26505423714522214,3.1268000982032085,3.135308804178216,3.1317663731768386,3.1128241120693625,0.28833290825073454,0.03298845167291787,0.029196619982913296,0.10951932191935469,0.21663599528355434,3.130063357366486,3.120310018971343,3.072879777177934,3.0548605885171867,0.022477764923202234,0.0077126660608988545,0.006080292247968462,0.007373666139320144,0.020986845996476843,0.09977335240320684,0.16217765241267373,0.18400266979110425,0.16027343404440128,0.02659287796230804,0.0036352810840759838,0.0030178298887776817,0.008645448827414007,0.022823992345762056,0.44987731227470906,0.4474845031377738,0.44109575269283957,0.4396322603162627,0.6461538461538462
BUENAS_NOCHES,0.12465161559745867,0.03904512749285511,0.046980195268776094,0.057239838176488256,0.17245697182545697,2.299514552877339,2.1272333639277443,2.051046667582268,2.056819765503329,0.004894932244384721,0.0011178770912908327,0.0014628128516433981,0.0020687306431194097,0.005116533348021582,0.1565578792660828,0.14876778860334894,0.13419768149360825,0.15544890892596355,0.06503107388453899,0.027534406216651618,0.01848327593826384,0.02237956859411462,0.10232713399352682,0.7096542821739179,0.8870196258054718,0.9517095791975477,0.8565187697299514,0.018215739338786348,0.004027952000855103,0.005984875977848174,0.007812959118862981,0.018563022410670624,0.5643944780824122,0.5375218620412985,0.5011109866122009,0.5615938419519692,0.035683419248693504,0.010212945994468193,0.01950946548940883,0.027242646398924687,0.05899260264737287,1.2196450981769342,0.8678813221353489,0.745395956899838,0.863350909825962,0,0,0,0,0,0,0,0,0,0.45803555467167234,0.18740496417730335,0.10603266835475007,0.1311271994328563,0.7075500864131816,3.068130018650253,3.117885075252902,3.045596733627236,2.9519006858610846,0.08728449684275262,0.018516287158442946,0.03526738529250801,0.03991189834940699,0.08833534484233407,2.594645327664448,2.5173731926087863,2.5815851176306963,2.6241171629855127,0.04092844991586568,0.014098712003338731,0.009597570098426697,0.013670467460787128,0.0395024067920364,0.12931536537101396,0.1535337678684209,0.15897710267746534,0.14893436266905627,0.008019078664135785,0.0016332946107482228,0.0024764052535309715,0.0034284164626098373,0.00762631308385624,0.22026743896626386,0.21454388750239364,0.19065377234004646,0.2219672135917375,0.6307692307692307
BUENAS_NOCHES,0.13447188638345942,0.05188072083495081,0.04682855725573911,0.06030127258093585,0.19012428965326486,2.446645025931669,2.315878479368721,2.2530253005386665,2.2480807889563716,0.010383061630446567,0.004974272225230105,0.0039998721622831164,0.004544535043870257,0.01792064431578461,0.2008267962484564,0.1683213973735842,0.15161305698147742,0.16271950538350177,0.05491164379802423,0.027982934594379644,0.019174188923971505,0.018645279772005176,0.07721203850243236,0.7153827315511875,0.8440149146319259,0.8583326497925697,0.7808614389157373,0.030671845699989618,0.017877166990227476,0.013447614166962624,0.014775279015696665,0.056749836970735656,0.5907982959629171,0.5013021129773989,0.4515256857678877,0.4921817015609371,0.05245463083040489,0.0026471552139617285,0.01568634889905259,0.020814838915276745,0.021717366562953932,0.9751209422949956,0.6020835368627102,0.6007737185664745,0.5907868402291111,0,0,0,0,0,0,0,0,0,0.25632500919049517,0.11333715724706596,0.12125907157559612,0.10041078976622105,0.30739951832555257,3.118350360390142,3.1106557046794685,3.109289180515587,2.884238826960912,0.135347285173034,0.1074098650119777,0.06832191583126544,0.0828721184660597,0.2923761411946127,2.443194636795887,2.1068442193613595,1.9854135032318214,2.407447562213628,0.015589138310684956,0.014178954332100606,0.011246078673857705,0.012132783213122472,0.025763673289487372,0.14401129619661007,0.1322242960174658,0.14726129265329804,0.1684291124855329,0.007357133630682881,0.00477377177831012,0.003194680907874354,0.004242244190072649,0.013395231126447834,0.1161816959434822,0.10654227967772548,0.09558682103250835,0.1069976694317168,0.7076923076923077
BUENAS_NOCHES,0.13075961521584586,0.03278158475070325,0.035159238763728826,0.055747860197500734,0.15169588564303382,2.602284183911828,2.5222286988335836,2.4516927187393662,2.4517748329145532,0.027131106767822658,0.014505754671201194,0.009240068630360778,0.00946446934398248,0.030212596133564473,0.6357913623175004,0.5746368176603605,0.5587358808678292,0.5679318786298899,0.043416509035362774,0.016963805286390056,0.016750405623749624,0.02731803254105955,0.06363418247422425,0.6321872965011582,0.7386479263051752,0.7856382006869663,0.6813439900912559,0.05218595535045918,0.036026180830793994,0.02139484202779047,0.01832914281593009,0.059300817972648225,1.1358487212800095,1.0615825180451208,1.0506345128097103,1.0536339081839283,0.02198182429299598,0.005055750070763181,0.007829489442780646,0.019205623128042547,0.01944595174697438,1.1872224714011685,0.9030441534121674,0.7003072014013253,0.6758392084739014,0,0,0,0,0,0,0,0,0,0.20891763396883276,0.06910979504505586,0.08855581787981932,0.14690169521284852,0.32971502200890024,3.101329903569307,3.1190314304004376,3.1220851812815718,3.0592462837477323,0.19053709382674514,0.20756791138411745,0.10952326439146155,0.08276996819763506,0.2810713030318091,2.971663154013937,3.0151307431518464,3.0616442998826217,3.0169447397486198,0.016119168314433923,0.008135811395408823,0.009619939188229927,0.0123813213056235,0.02406548879165203,0.09859765893650846,0.09172410394837989,0.09916820731523529,0.11441500753895861,0.016696985493202105,0.013978929694769335,0.007114103070602657,0.007112748163777681,0.019675818944095407,0.2865954794885116,0.2974036471464751,0.2951965070640049,0.2707215551209238,0.7538461538461538
BUENAS_TARDES,0.14600767470145196,0.13148624749104115,0.05354571102764474,0.049151420310937985,0.20708851345149126,2.8322653477001514,1.914217737566327,1.7019727493812242,1.7099561118072417,0.06784861281259572,0.028954357146900204,0.03699617018672151,0.03316703882060495,0.11916594682256869,1.313088232656634,1.126079705644527,1.0070053103741048,1.0635896124548743,0.05775819996967844,0.12306735810012381,0.019558383500037173,0.01578769731409272,0.06356277286789658,0.48871739384583585,1.0334322503069542,1.1037534656087602,1.1158260711162156,0.04212630779947534,0.027138629813301576,0.028582263770388725,0.02128856940144391,0.0748547576943232,0.9917570613585185,0.8902729294065335,0.7620322171949182,0.744108323727817,0.04948347290047426,0.010511972168967565,0.008152715145087691,0.02069697543043709,0.05717283629167743,1.0980868353028257,0.5622511304471152,0.3795118195231979,0.33533297399421325,0,0,0,0,0,0,0,0,0,0.28722927032577067,0.3690245158837133,0.11056899848366769,0.08018580171546176,0.32379602323818685,3.130478429787327,3.1159437108494843,3.112284194049939,3.1267439181106154,0.11662165123018423,0.09869695325445782,0.18500133779710473,0.0775328479709821,0.26709904294287945,3.0757951240992356,3.0916903322425977,3.0578635963295704,2.951624909518204,0.01897193357994299,0.02058486105699596,0.009587642672317584,0.006070806002225877,0.03227549439684234,0.13583133699142808,0.25312521863433984,0.2788514639997149,0.2741131675628223,0.012109156067915792,0.006928620693258714,0.009679323628415807,0.005698977739081201,0.017243524883773974,0.26515027328811874,0.33025122001756285,0.3366175840636714,0.30968585322533504,0.9846153846153847
BUENAS_TARDES,0.1382264349572998,0.1433834926362429,0.05255663527107544,0.05381539917616779,0.23009623382034733,2.6060512337286244,1.631343698010948,1.5767721653800295,1.6256253698810412,0.05305230207881952,0.0061729223460439,0.015924844036942543,0.01664524786648711,0.08053390109588435,0.5687961492037142,0.4989262167822909,0.5036401035249479,0.5703536777787138,0.038150901428979256,0.1255665944588584,0.022254296154550986,0.016873726710659447,0.0697629563480296,0.7699213373657223,1.0516338987319371,1.1003202680732882,1.1332803088513452,0.059656085501221305,0.008171129788438276,0.018821256161946333,0.018849198393138526,0.0909475707547773,0.7204160699185578,0.6682313218386061,0.6664058283585051,0.7125335933222973,0.07209759212132959,0.0087499828726578,0.007607624271744103,0.007991955557357046,0.0723949064002861,0.7198155498672056,0.46532722379491853,0.3699876748591636,0.29497423976412396,0,0,0,0,0,0,0,0,0,0.24564270748837533,0.34955378639733226,0.12324437031608232,0.09528103615870338,0.37589683866670254,3.1310032756594466,3.0682835877564334,3.1319796234427155,3.134645822828044,0.15202116431790666,0.03172633880238407,0.05210499890052115,0.05161948114218068,0.23250161167275682,3.1148640442397664,3.1301399775911167,3.0805596165854734,3.0272770998447704,0.020012011124047286,0.016363910163257344,0.00945788544831782,0.006010992513006358,0.026917823380485914,0.16832608007818387,0.18706865202865158,0.17406794419107158,0.16798641521308252,0.008200453250805713,0.002873109990320241,0.002194338844264104,0.003005993046412231,0.011022471991922609,0.12812793983293033,0.12316926123870535,0.12165044022981679,0.13101672055938846,0.9692307692307692
BUENAS_TARDES,0.15631317322758476,0.17914492497799567,0.06529260097134623,0.06253173291250498,0.22132881592409143,2.643780730227884,1.5466036240218444,1.4797861372266854,1.5727758183424125,0.05461551477971146,0.0279760251299745,0.03471374956831367,0.033189436899219146,0.11702176748548546,0.8840856568727629,0.8355747006410268,0.8475488923189098,0.9900043214670692,0.05861322191886237,0.14080911001883412,0.028249246431937557,0.017301756486550572,0.08061327808314304,0.5929378028873541,0.9614789984542204,0.9936044744774213,1.0630714263500576,0.043851508935196494,0.022278516694588687,0.025482810953758428,0.026466295317781583,0.08936367560412621,0.7779381977329122,0.7765028361106168,0.766588185718329,0.8608074777957071,0.04703912771674325,0.009803282744427166,0.012571555356733745,0.026031496180652723,0.08484051746521903,0.9116150130734466,0.23754424758307632,0.35917030673285305,0.23917489509702547,0,0,0,0,0,0,0,0,0,0.2770743837713667,0.422215876465895,0.1830268681335774,0.09715587883233887,0.5190211602372414,3.133473399162193,3.066325550017053,3.0514560838077687,3.1305698725674986,0.1367846716025545,0.07210729640440813,0.06600792400741091,0.07659223736997937,0.2749514203561916,2.464861861797669,2.444979440541711,2.4818202102060276,2.6447967558675347,0.03321426961404188,0.03790650165814138,0.01710885463904971,0.008121467872846982,0.048056269457314484,0.28797590637027987,0.2539939162404407,0.29746230019298775,0.3404304794585469,0.015611695484674419,0.008579638878661682,0.006787977167082925,0.008168720359342694,0.027745059495961438,0.22355411763129396,0.19442689676839525,0.15873011833978318,0.1719165868715741,0.9846153846153847
BUENAS_TARDES,0.16538502134377198,0.19626247716805398,0.04791916467418754,0.05674866879718237,0.16420651421970164,2.944290184040778,1.4935220184219673,1.388660294767189,1.354110115952891,0.000589723142819933,0.00035817554504006594,0.000424684710324072,0.00048010858357765016,0.0013515006399908093,0.0186228799013732,0.014067932988918936,0.012466087282871007,0.019137162011079775,0.05720062526226899,0.10916060762462293,0.014247295768542511,0.011490662504824672,0.04470193806228936,0.3352957845622084,0.9118976282552138,0.9514254162221119,0.9467324725829797,0.0043335623682578565,0.002632041971074247,0.0031207825255669818,0.003528063152686843,0.009931460865067167,0.13684965989848993,0.103377772675554,0.09160665879609703,0.14062884615635932,0.013471788940361391,0.013062875097267695,0.013940967485755611,0.027362516966664814,0.0731577839370035,0.5266380678877219,0.31654480686535796,0.3700935958995876,0.3561195601538363,0,0,0,0,0,0,0,0,0,0.24125424710671886,0.301171008315311,0.08724847254091483,0.11815515777989162,0.24294961112694904,3.1035089602118155,3.0267537760949925,3.0014268722262587,2.9870861613730506,0.032434772855096314,0.019699654977203628,0.02335765906782396,0.026405972096770758,0.07433253519949451,1.024258394575526,0.7737363143905415,0.6856348005579054,1.0525439106093877,0.016331366039587528,0.014548114868845918,0.00887540930910604,0.008078696912740048,0.022386385325824185,0.0932764013569732,0.15046455171482012,0.14741375576637403,0.15101724732291835,0.0012012878835220857,0.0007296168510075418,0.0008650984839934801,0.0009779989665470651,0.0027530568592405375,0.03793549609538985,0.028656900532983018,0.025393881502144642,0.038983107800347694,0.8461538461538461
BUENAS_TARDES,0.1637290701779613,0.1890843973329368,0.050328155693598005,0.05136430130355752,0.16296067917021992,2.9434772350974616,1.5828891687709798,1.434325581782742,1.3653916836374742,0.022763569820073614,0.019339308181341403,0.02148558788086697,0.021522134199146708,0.05642865269882629,0.39536576357503084,0.3056497573379144,0.35085403538440785,0.5065878509690783,0.05198984043884203,0.11199587402782173,0.017676630563113638,0.018448031754498516,0.04219676622717224,0.3006067756519815,0.8816838946037471,0.9134975167340585,0.9179104460354572,0.03528928300628105,0.0362071087874078,0.026064009265088034,0.025372745706653863,0.06684033124845862,0.5501563732349409,0.3658488412844976,0.42466229781323794,0.6169861156993168,0.02084013484403377,0.014798033988663167,0.02965402442641567,0.026235030718104166,0.06238788945659587,0.8756237818499288,0.6761261247433202,0.5496341787072907,0.4693374914411793,0,0,0,0,0,0,0,0,0,0.23304150038780544,0.3318302077538912,0.12605111192736024,0.14875179116064077,0.2622244143633785,3.1135361213986217,3.046523266675005,3.0715646675790733,2.8751154001372146,0.19450440872903993,0.2505886145678725,0.08823780881486638,0.06705443486745662,0.18850472955423953,3.0485392745561435,1.0461237049071013,1.053366468467651,1.6158276765632196,0.022018906644342476,0.027380718630821997,0.01223830484620137,0.010595943549226685,0.025018070840784654,0.12852845000155425,0.1780684479189745,0.20638852475554575,0.18286355415218927,0.01870628804302922,0.01479815970931911,0.00791179777089068,0.005883383924469262,0.017033422457151587,0.20477452695926526,0.11797273463190411,0.14854381904048952,0.22391601565794533,0.8615384615384616
BUENAS_TARDES,0.17333908623810768,0.19608277327374943,0.050034518794190574,0.054959478618413195,0.16811136683405606,2.959359677813163,1.5571676070376936,1.420078489444344,1.377766033632622,0.0031850993209113533,0.0014650303231245618,0.001295872454734478,0.001112501411411757,0.004903934933114,0.03915025643834978,0.031074604893433114,0.03015445476875709,0.04510799646852694,0.047966384818052134,0.10820240465850255,0.01764005606027524,0.016989017454321357,0.03991000913998494,0.15936078323098313,0.8286007148958198,0.8934625975968468,0.9323563899475491,0.01821237057017077,0.008192415499012526,0.00724953744612883,0.006199039276224271,0.02730735752659409,0.24956298246359457,0.18753657827009096,0.18233272107591864,0.25552075461178275,0.05728775184440367,0.013525238509672388,0.026275009887800006,0.029133672181107257,0.05520141255948939,2.0791890493294924,0.6871975241873943,0.5185454804283253,0.42006655825502554,0,0,0,0,0,0,0,0,0,0.2538947183090031,0.313378643872902,0.1326296407854762,0.12373145881455111,0.24944538065487212,3.1258367805627025,3.066159279184936,3.0194557659197887,2.9569385772149586,0.12538368368847835,0.05118888837282723,0.045459690872456306,0.036993134922323916,0.15936468745463592,1.9402187037364882,1.4036952618731724,1.3672238774669807,1.709639843223502,0.01805180595885446,0.018508996968178,0.012634697485044713,0.010188486214168489,0.0246566963179684,0.0638906637788413,0.14172588935749175,0.15509652898953655,0.1530173317798105,0.001990217201404418,0.0008125220376639243,0.0007215823948008937,0.0006314176894701476,0.0026070194705493936,0.030797122281531558,0.022280877172590037,0.021701966308999694,0.027137140368627015,0.9846153846153847
BUENOS_DIAS,0.17220460560742876,0.04536327408051987,0.06058440997060485,0.08724961863031754,0.2512110584449184,2.8790910626863764,2.870451701752151,2.8348077106870844,2.769696246343515,0.056448918300221675,0.021655259836609892,0.025002965144790036,0.027543182456202395,0.08848166185296985,0.897982411135083,0.8742143478048793,0.8865127600075927,0.8462952115665615,0.05812422745720936,0.018157740148155615,0.030949352013845067,0.059818891059374844,0.08309983587012489,0.4455962136930297,0.5055754433862059,0.5564700700202385,0.47156577555612406,0.09201004502224422,0.034682806532328955,0.04160406116635826,0.04669615254718398,0.14463846751337014,1.3216952298036855,1.288408452563382,1.3116205586548022,1.2529891188440736,0.03968487928808148,0.006965148950151824,0.010836428128469699,0.025327255427705142,0.05513314355274848,1.2266988570156037,1.1265510453337084,0.8734543399458613,0.968869823640973,0,0,0,0,0,0,0,0,0,0.28677561486937386,0.08378843446980794,0.13696747277573498,0.20471924009317505,0.4433131659625551,3.121208793887454,3.1083862401697386,3.1136223615441287,3.101858235114339,0.3086204514269792,0.11795721185923545,0.17194387670139663,0.22288968447623253,0.48176120843989895,3.097988295305062,3.0298826529140124,3.075481850079626,3.0128152559603847,0.025506715825454846,0.008917549007735434,0.011836010077287776,0.015841964539503876,0.033800399072885644,0.11380335347090537,0.13359495198226143,0.15033173495985855,0.1346035138822486,0.02589877728943844,0.009589897907914159,0.013102839656706295,0.01807045791365724,0.03994855568915083,0.2867642802576347,0.29061532413917135,0.3387287629771849,0.30712454547219553,0.676923076923077
BUENOS_DIAS,0.18021101809473666,0.05983567384694874,0.057594549956809946,0.08861328072714135,0.26370533698817,2.990945519699033,2.953160068563784,2.9192896888904123,2.8407836822868235,0.06801419182126334,0.023472848864390824,0.030031939624248674,0.03965779520723227,0.0999211221754726,0.9765409040120284,0.9764214568114542,0.9537044948080369,0.9034077015040024,0.05528267623345824,0.039431635206325005,0.0335690543792634,0.07084055527337871,0.11245642077879546,0.2875391021374224,0.36513370926105665,0.42846819675150966,0.38215768694334373,0.10102873969517842,0.03695790693756959,0.048263164291400144,0.06311328775046902,0.153529583418445,1.4050017739662362,1.4044740921547316,1.3733149047716435,1.3029903630736246,0.010076849381175673,0.014147251311538767,0.014107701205431504,0.0196871467484987,0.04842714712325567,1.133241291930481,0.88118494007488,0.6662348435047931,1.0414761934294734,0,0,0,0,0,0,0,0,0,0.29330622001320295,0.15655361453049527,0.12902802166489494,0.2196401952494117,0.4513314352555496,3.1277400382123712,3.130696189722126,3.1211949348714967,3.123200435542756,0.27720975883965404,0.12307116377683805,0.1560314751299592,0.2091583955607581,0.4660610214273599,3.130356320554911,3.127138530929355,3.0721104752234,3.0443277632258203,0.018966827478839928,0.010067869264263717,0.010157220199956565,0.014343824701911813,0.026665256215830248,0.14104605380782506,0.20954992619252952,0.24911083177681417,0.22064822265485945,0.03144217823674984,0.011223597649920184,0.010396971662462453,0.015516467551517048,0.04018473027406417,0.4319396068176373,0.4323109373192788,0.44399434755893324,0.45256973932880507,0.7076923076923077
BUENOS_DIAS,0.1380640972875589,0.04465453815648843,0.04505890195708921,0.04188113613456335,0.22114712327219715,2.387006232672194,2.2570641952996597,2.1790437031021823,2.238067388418041,0.07565215704280709,0.032612555047679,0.02467267502402504,0.02132358363223997,0.12893053924423414,1.1382536315027194,1.003043283665045,0.9090769315450521,0.9690054058563987,0.07994111469633405,0.029195706414202983,0.018447061767375563,0.018735026859789346,0.11058525912079363,0.8372177659194415,0.9804162536203341,1.0349010201147335,0.9215582112920544,0.1028606627735824,0.045151424965700945,0.026072993747775438,0.02409564001647652,0.1582017247097261,1.17522538698337,1.105576995229876,1.1090629719652705,1.0966770317110495,0.014557621667659013,0.015763498575517607,0.008570455199920567,0.019309368647442926,0.06659719379822283,0.7866512104334511,0.48656062592825366,0.4496591419339442,0.3823281216989064,0,0,0,0,0,0,0,0,0,0.31564151486923886,0.14914473787360105,0.09551614704619926,0.09214645857223702,0.49437287016257286,3.1029175789938606,3.1180486121969015,3.134126728699691,3.117803255588085,0.3003326675420242,0.1659367408535954,0.0803085365355445,0.0745985277501462,0.452047420326737,3.0992581910571873,3.0739892118324588,3.095185721186151,2.9822746043839095,0.017683125768685564,0.010647187639591472,0.007844465362539908,0.006629861348806333,0.026944973386885764,0.20566793202726158,0.251807860451186,0.3076267083125432,0.29723860684919284,0.014958138029140785,0.009704678981101928,0.004391467366138122,0.004404893027803171,0.021947755674444274,0.22703706272721685,0.2675263279119401,0.32208099280006164,0.32088641246468064,0.8153846153846154
BUENOS_DIAS,0.1337537840160705,0.045899226719153065,0.05442693212937912,0.07551294387619135,0.17047595202202387,2.971636509107946,2.9652537302749105,2.9605736131727585,2.859482844599061,0.04293052921634508,0.011373701447863847,0.009480423612582653,0.014098038692367396,0.05946533900353691,0.5138612260520458,0.46626035769934654,0.45585405180861355,0.43642982082038023,0.03453928718281145,0.030111958654733692,0.034719343881163225,0.02875045974430968,0.10954324429865142,0.10127963267834433,0.12636178450662763,0.14180702825486927,0.1001277331206783,0.0969954264742365,0.029445355847415648,0.02164740102106473,0.03515740082769671,0.14203593446294205,1.116055054446659,1.042817463685478,1.055036321704936,1.0324276643524097,0.0720706041866686,0.009350918360111612,0.01074454142360861,0.018486237975241786,0.07230753485336298,2.5169442183278345,2.428126392891641,2.300343409976453,2.475353271447677,0,0,0,0,0,0,0,0,0,0.23011641317708575,0.12613226286883808,0.14266438942476323,0.15021682544022144,0.4636440166444925,3.11577769967841,3.107778757622347,3.120395139300891,3.0189703737155207,0.3038615741326479,0.1505284517134994,0.08211467064126189,0.16296997472565308,0.5025014700669013,3.033159571905536,2.993785473318276,3.0704935996853777,2.9733097662201193,0.015041967289721691,0.010349228696728462,0.012163741386446903,0.013140780567133388,0.021679288230569877,0.06185376234171635,0.06146816341997663,0.08229561779109272,0.06681461364221945,0.0306750211714263,0.012197210660314244,0.008243237951154527,0.01371762965565933,0.04130152659088314,0.46782987318759495,0.5408389381522769,0.5862512739650132,0.6043463235721991,0.6153846153846154
BUENOS_DIAS,0.1356843044682035,0.046059560774049754,0.05759489235589858,0.08070039012671344,0.1905993408526271,2.9276475173195173,2.8964945339187,2.8431416374344685,2.706659162423774,0.04435260858980734,0.014908683568996363,0.012405274306600943,0.014572030434346421,0.062226559601150755,0.5062961213741798,0.4513328083842163,0.44969703222486834,0.43933141255060043,0.03913122732366703,0.03152208479872585,0.03616729171982836,0.036543932739796635,0.12216308460675716,0.24208650541112728,0.30152326012942904,0.38902683119604564,0.3530572854745413,0.09813797583631512,0.03946187144949176,0.029571010412862798,0.03573620985132171,0.14882152714179683,1.1133536641985469,1.025241746937732,1.039863303141127,1.0233666845210168,0.04707973000609454,0.006571227987055898,0.008366823294711305,0.020585902995173138,0.021704389846792568,1.5822808323914868,1.2971853571627918,1.1334838842462749,1.1875219719453864,0,0,0,0,0,0,0,0,0,0.22892223595191977,0.12306377865629935,0.14167494112013815,0.2008033699805019,0.48163313269650376,3.081607861016489,3.0981304927481794,3.124853420948426,3.026330016959804,0.29466296534348585,0.13605929549244258,0.10953956431485601,0.14269333340848867,0.5146909540104504,3.0648900660907437,3.0865066954054003,3.0494714921803405,3.072099406369248,0.019509639858011005,0.009439964585645742,0.01665196314067965,0.022601593314640445,0.03647099482779514,0.13018682537932602,0.19713303841933075,0.31818034289297664,0.2938575160372331,0.030574259171254278,0.00850903299494961,0.009953560808253678,0.015304842570026556,0.03805505208756233,0.3590211898719519,0.4476045354701308,0.4781840260409801,0.4718353204855781,0.546875
BUENOS_DIAS,0.14329457979095395,0.04858942641936878,0.056822120791862774,0.0732980069738023,0.2023847713055618,2.8907068321413627,2.837586515862985,2.7456590473841755,2.71756083923754,0.026916175069138664,0.007467161992412517,0.01012798827730705,0.012617478691746746,0.03672397897150276,0.43050421365612845,0.4294712586342939,0.43951667619648177,0.41896947076397445,0.04163163542870591,0.023209340622500525,0.024547268183017425,0.023764524689893873,0.10136391335412633,0.16677551648113842,0.21183244232216045,0.37632826928121726,0.29905718882459276,0.06548806524867845,0.01894997000238797,0.026486743542667127,0.03203535287264082,0.10145254995388404,1.0369052270109085,1.0348675596897743,1.058838518698496,1.0093480283238323,0.058988918603876894,0.011294183398361898,0.02246158796010473,0.0366618711998605,0.08736438777616908,2.2456490897217245,2.113838394112174,1.4592574688980067,1.4388966094357662,0,0,0,0,0,0,0,0,0,0.19957141198427625,0.10258462864891409,0.12486945952408941,0.12723883059429855,0.4066301684453142,3.0635956987519615,3.1168239107905,3.087801226671662,3.0243599047109617,0.21062042580681212,0.06965387591329236,0.11246209491393082,0.1301096263637229,0.4080605874504652,2.971628680926713,3.0256138795570684,3.0684296615430506,2.9084731238812314,0.02066297036665132,0.014529172933549817,0.017902867931062837,0.018212028517642833,0.04555572488270041,0.1364283205992661,0.171885204130269,0.3502283531641821,0.2578412316890094,0.0221848831338085,0.007115859576303255,0.009615009874050923,0.012103799121309967,0.03101736756566372,0.35618130516904856,0.3560055288466273,0.36437917698234207,0.35166362584626215,0.5230769230769231
BUENOS_DIAS,0.13318377745477644,0.05352257160373817,0.05386018526295152,0.07710626493529935,0.1894558919240001,2.9024541413943483,2.8778639486248947,2.84981806921928,2.7636694206344052,0.0323984139751084,0.01567902808150864,0.010531214791584106,0.012553519794527854,0.05116279941269107,0.44722775242953317,0.4037571713316431,0.39155977403443354,0.36506480694834625,0.03764511092083203,0.038779278957127766,0.030949768566485836,0.0390889806561951,0.11945238015546891,0.25776269351903536,0.26202002587909157,0.2698702259724566,0.26430847890532966,0.07901108191113744,0.04394371386518297,0.028804122142032217,0.033383578109475565,0.13483378111785954,1.0647759576000833,0.9845045135662059,0.9766297981295273,0.921363610147103,0.02571288063989608,0.014394536677171367,0.013212289227382669,0.03318223409379788,0.042775489115602416,1.3810009570939743,1.3405885229339485,1.3715180729532965,1.445938093983246,0,0,0,0,0,0,0,0,0,0.21563052410468178,0.20212834834039328,0.1279330171938354,0.17346691799631894,0.4360913698383708,3.123991410106314,3.0635649478877003,3.0701055810469144,3.093676766468212,0.2523485784408624,0.1560691783566746,0.10816514937026865,0.12984144756971067,0.5133939430785199,3.075412799383644,3.1076211315688242,3.047701770601894,2.903283956033138,0.0247353769299722,0.02478135111649893,0.011095653165920568,0.01765202282799215,0.03601556728367445,0.09231114657476712,0.11281153289420683,0.1408421439305579,0.14754468884858354,0.024795630752424056,0.009252790151078124,0.0070181927172618536,0.01043538056080117,0.03957303544982469,0.387109098025764,0.384283561782253,0.3920407306688772,0.3990274911824814,0.6153846153846154
CIERRA_LA_PUERTA,0.11099359119834248,0.05299687085457945,0.048479196292819694,0.0506385303454682,0.19403530529502477,1.5181032125370792,1.2738092778694081,1.1896691457335316,1.1595255920456786,0.03979567431146593,0.021504812330482653,0.01892544424142438,0.01887547280399562,0.06424266748347537,0.5099957540464438,0.46084154304365,0.5649279196886113,0.8485679568712478,0.03983244395974278,0.02140577159863557,0.014929915879123942,0.017555070266571094,0.054732249336303884,0.8299015847419872,1.0458823185727641,1.018663059251991,1.079183735363955,0.06061095568181484,0.03348342255128689,0.023002317658787675,0.023251962356952257,0.08736963371495132,0.7573684059183504,0.7763931540391141,0.8281261618726392,1.114289123755938,0.03571374980642804,0.03181641508506423,0.025501007633008495,0.020420638148651842,0.08814558111112546,0.3237049978810757,0.14945169979789746,0.2247933152949942,0.20076741950505428,0,0,0,0,0,0,0,0,0,0.20329885335623507,0.11492208724079124,0.11420741126204531,0.1161069722762997,0.28946076452980846,2.983901429084994,3.024280963479117,3.0436988251160884,2.954674079349354,0.23271225402901197,0.13927367152226344,0.08273363712915133,0.07853917010755282,0.30725195417224244,2.7862339778715293,2.876992773920582,2.812516714901088,2.8832927911516895,0.024041076400437046,0.012396103761393763,0.008043686843311732,0.012807488471748235,0.025158544283604017,0.41246510559145555,0.4505813195747456,0.4295465125820604,0.41623191477671007,0.019367776748611214,0.010057576398238654,0.007170494446408911,0.006169254503342049,0.025670221742264705,0.2636799342381137,0.26420393564779127,0.2847807756704964,0.3352832592049782,0.6615384615384615
CIERRA_LA_PUERTA,0.12292263713069514,0.046355225247546906,0.04496737121796902,0.053381692744024906,0.1825012258375972,2.1260986042998016,1.9988451255567765,1.9847940611241552,2.0389791621296696,0.13440885884585982,0.03800213604386378,0.03265102665824487,0.04677244951833502,0.16408356800636664,1.7481797257473086,1.69553347569562,1.715608252126997,1.8260846482290083,0.069811619566534,0.0129808606776139,0.010268596396628676,0.023568226588944616,0.07021604013918631,0.7183042005600377,0.8224075627151077,0.8670446358518766,0.8942490841658084,0.13510866225085671,0.028352060682762387,0.022756281087706796,0.03655238347437739,0.14520554429600194,1.2136751415975366,1.2241435471798936,1.231750516103833,1.2656872098946848,0.03500875560231225,0.021636102019549873,0.023622189846723134,0.02249895951801956,0.10607700019267774,0.9869638031978363,0.7068107130806808,0.6076518979376639,0.4920306676472057,0,0,0,0,0,0,0,0,0,0.3523961736347713,0.09026539628838787,0.06996766861623471,0.12299980586585857,0.4143720902874189,3.0507369269151776,3.0984658286048252,3.0743491021787523,3.041920554139191,0.4210073809662584,0.09457902594929134,0.07072291135199693,0.11298598327208983,0.45028850365152673,3.036643130766319,3.0632570801600956,3.0684044247950797,3.049326791383586,0.041799267228792736,0.009151859986652999,0.005666344250672964,0.012409124522373706,0.031099354067193875,0.303228693616512,0.36663262868332946,0.3836207527661708,0.380848434949797,0.05137924989102471,0.008899857654893957,0.006876872150032908,0.013687728608597571,0.041828361717465935,0.42417048853383377,0.4434420128133232,0.48548020830635613,0.4783189896922991,0.6923076923076923
CIERRA_LA_PUERTA,0.1449602216846403,0.06130308368947983,0.05716794939327416,0.05599175611278329,0.21304541664684412,2.0402846515495363,1.8260094358952144,1.6577000075026138,1.6549473080645867,0.07268584899170746,0.01612932677818724,0.015131635836088116,0.02241407068364516,0.08320482673007394,1.0197438994920747,1.0115484161367763,0.9937322205684311,1.0228278193929434,0.041856131877753694,0.0384602645137099,0.02176604562657847,0.018605498402716608,0.041106917477548445,0.8888840452968014,1.0373491162330082,1.0096885388910297,1.0935867770367729,0.09689282945175925,0.024293049657778502,0.020429267343139098,0.030061726773940048,0.11183766363225106,1.3096936813911104,1.2989599283193618,1.2757682463865168,1.3119207195415805,0.05408872677045539,0.02248829365059226,0.029412447590849114,0.02424126069118011,0.12533530093866604,0.40565241289557485,0.28352714610778307,0.2468645236891974,0.1379843406800731,0,0,0,0,0,0,0,0,0,0.2246739667350209,0.2477730974562354,0.15192639693323648,0.11794388927534177,0.2928514431436174,3.0534710101596967,3.0434082308150248,3.0214266512720367,3.004241312260601,0.2723150268453704,0.09487870617322451,0.06189788539795403,0.08066024536079383,0.327506564633809,2.9179942358855637,2.902371243981136,2.854090699875571,2.845748542231627,0.03164979872157566,0.02763090565779451,0.017459295310406627,0.01685781529201323,0.029037255362577563,0.47502883981251176,0.5387214834776134,0.643273598141595,0.6287478112996641,0.04308580934454486,0.010732451095255105,0.009394623439689213,0.012015411365070571,0.050218681876270654,0.5527493807154721,0.542392779669793,0.529494647686477,0.5391663680941086,0.5692307692307692
CIERRA_LA_PUERTA,0.08330086810380205,0.03646014252221823,0.038439548255084735,0.04007116190769755,0.1555394159675636,1.7515449208097968,1.3730108768891964,1.2521133751814597,1.5408151038213873,0.050202301759727064,0.020834499527228715,0.024133832594670723,0.022053034742220465,0.07588206797951116,0.9083021369482001,0.7611349819944178,0.750712865937261,0.8225851022014121,0.032113263133448144,0.014985582161441502,0.0072254006123188275,0.02185295786152767,0.03747340316224827,0.9049551267652038,1.0152371013557393,1.0291016467157394,0.97478546353236,0.05309217196420406,0.02018840153524957,0.02556357089006246,0.023255339136400644,0.07320885326503294,1.2471680252846047,1.1071140423810295,0.9908250315486666,0.980712244618933,0.036315287519917604,0.02219996844119658,0.02785337552803817,0.025515691950732458,0.11101484748738782,0.3733335906718482,0.26728599962943667,0.15833055116455771,0.15629124309406153,0,0,0,0,0,0,0,0,0,0.17573328668321073,0.11990653461651814,0.05542232896292097,0.12707095508893615,0.29010469590443605,3.1210380597244236,2.993183008855881,2.9575493990198094,3.068563150711495,0.15384190674087886,0.05828552608669111,0.07537324086180293,0.08119395314715086,0.19970106502883184,3.0563087126834416,3.0933819742297883,3.0546459809699247,2.9322280459125345,0.01652545554442148,0.007846569893522358,0.004781903686291665,0.00938707153129594,0.015592009108141635,0.5113551539456656,0.5311816957696752,0.507477193961974,0.607033140730539,0.02153228269290475,0.009122446307699091,0.008607517531633193,0.010576744535138674,0.02874979248039762,0.37154437421059733,0.36874970379511673,0.41158074910256853,0.4176081297347335,0.6615384615384615
CIERRA_LA_PUERTA,0.08456408936166891,0.039719523851164715,0.04060899241712625,0.03966264373457498,0.15992493421905907,1.3340791317904173,1.0747405684183826,1.0234657601634165,1.2747351742725022,0.0961811630764138,0.03714766392179475,0.039408919447167116,0.04270447008355558,0.15336809275205554,1.8699730430329702,1.8535758188993687,1.8405930164319713,1.8883294091677143,0.02992621886075229,0.011428880476837171,0.00736182316434447,0.02080441201702878,0.047835534112380305,0.9527596096116451,1.0285720054921983,1.0265042821471404,0.8952829982585497,0.053974765270599946,0.01737296217688905,0.019075868410846186,0.02611318938579609,0.07447066858447395,1.2884386609268204,1.2658168546590702,1.1613829451813924,1.1177521113191673,0.06220921819044533,0.023964307561823404,0.029886306770712467,0.02446079872565357,0.11504052545128512,0.16483569673930631,0.06971392606628578,0.13315242648855216,0.04769980682733963,0,0,0,0,0,0,0,0,0,0.18835812389286197,0.08724212890720484,0.06203211120392169,0.11172736280965376,0.33850787989557907,3.1032900787848825,3.1170000202007544,3.071730909689427,3.1241010154823488,0.16424374136684158,0.0728471940549532,0.07100561359839161,0.10559947104911195,0.2990329995749377,3.0311666105058754,3.060976115476239,2.9897781974495397,2.9543461316328505,0.018588264751932995,0.008421541384576757,0.004128365890404275,0.008856053071080972,0.025489370805143585,0.5288392269342077,0.5520297672142209,0.533683486417158,0.5501102274602975,0.02530063065575121,0.009598192645182097,0.009213184447704158,0.01489457268966258,0.03019343356672266,0.4446605630698473,0.4349670812311205,0.37677316991134313,0.3959185171575948,0.6307692307692307
CIERRA_LA_PUERTA,0.08633112836122625,0.03984834294822835,0.04106954786702207,0.0394578436815281,0.15221596352053315,1.593886295398915,1.3403775519221233,1.3642444161477305,1.5379873539917355,0.019917035726844546,0.010893744306399033,0.009548982177152658,0.009315042978953678,0.03692150480349004,0.18425002864814088,0.2372542845722059,0.2916086915764525,0.33202870344900154,0.026456893459162408,0.011236241604145015,0.010843205284838946,0.016326352299723266,0.03218167890736936,0.9925768385049397,1.0790142113660428,1.0031604367210152,0.9691992920648987,0.03413796514603536,0.018117071124267744,0.015724106223009564,0.0162312027413481,0.06064036732480738,0.5773105442841945,0.6258139905355706,0.6555017142207389,0.6780510523210284,0.022988704445181366,0.022637355806770284,0.03120206224251122,0.024651570971191427,0.09155908467253925,0.05466096960229328,0.12318333417241248,0.14244085339635043,0.07025455879363839,0,0,0,0,0,0,0,0,0,0.1589703329151965,0.07251622907422997,0.08583589030542643,0.09233578408997858,0.29433591652796154,2.970707811114673,3.0067924484123,2.9979500258057685,2.7267466359560903,0.1213726111900244,0.05982800019057164,0.043268208523020574,0.06877069997443758,0.17192789436284972,2.9168275614116275,3.0089603970056236,3.05970033367286,2.9772009666893835,0.019017135980030627,0.006633905301764289,0.007018251970066851,0.009135453658268232,0.01940134022283881,0.2571237785078125,0.28728576893357244,0.2854738053408694,0.2978213132241342,0.015419928284069916,0.006344329697780871,0.0050546455738970895,0.006067596100405674,0.01928978895346043,0.2746911795410823,0.3023364909724654,0.31111009472350415,0.3127313400480248,0.676923076923077
CIERRA_LA_PUERTA,0.07796652221450569,0.03671979240290528,0.03949751465721103,0.031119031723113633,0.14373447438226347,1.5852632595419864,0.9995475272759172,0.8504260060635084,0.9122309200385015,0.10047105272665006,0.030328888123764074,0.028634333551986798,0.039585230464011745,0.1419590896162358,2.142596599109493,2.083747454359133,2.0731703297719646,2.123685600159518,0.021526083643551366,0.008775529471894151,0.008288976110567189,0.013299968856400396,0.018394034883670824,0.8200305222180445,0.8931779929989245,0.8827556244154281,0.8328695225377915,0.05705898905281045,0.017737236795645574,0.016597753558213073,0.028651004114726302,0.08518883331050757,1.1292294072786104,1.1268205269038691,1.1397012181528328,1.158006338643468,0.032639890639278725,0.024094243199851765,0.03035082710091668,0.016092976864733943,0.10842829227891879,0.3014437272440932,0.04028635678682475,0.18075195491876095,0.11359649956548393,0,0,0,0,0,0,0,0,0,0.13220351569736796,0.06680617212419251,0.07845249589547677,0.08773936150207942,0.21938442462813568,2.9219883047492083,2.9870633926874586,3.029832472806132,2.934373680813458,0.1764063977623249,0.07951009715420049,0.06478034802512318,0.09636398896149094,0.2934692852192461,3.119403743983343,3.09193558836018,3.0397808670306303,2.985242884661109,0.01295160942165084,0.006304159443694996,0.004523884433376834,0.0072816689712525695,0.013205462689688427,0.3417738282873665,0.2982776419693434,0.3091823971992274,0.29099369501960626,0.02396987804406839,0.008321279061288456,0.007283428832793163,0.015094672544068256,0.03205565396863682,0.35284652379224,0.4033678110558351,0.4463425853070604,0.4040065508059241,0.6615384615384615
COMO_ESTAS,0.11957710175280474,0.058880195135796815,0.05941063275397997,0.058703002094973644,0.22038528708531635,1.9696245841147753,1.6622199690326185,1.494849316895642,1.3328047614198384,0.09662638197450958,0.058529238129794346,0.04834242411429933,0.04473640246613097,0.18845764537414422,1.724717815676684,1.4618232913535374,1.2500953113978783,1.0983691981977575,0.041962615061265245,0.019429456268572433,0.011534449120640748,0.02260896949241775,0.054637620743929374,0.5380269213945543,0.7857476475803704,0.9149800373015674,0.9084828313704486,0.05435851669113037,0.04247834333732458,0.02533372887388425,0.026857668235425694,0.10262903375043515,1.0126728054036604,1.0924707799279605,1.0270544742890293,0.9208076309629113,0.06277566536682933,0.021268483335564758,0.03102106094048202,0.013720440829944563,0.11835577288317538,1.1113072282316532,0.4786169892047832,0.29821331275022617,0.0859938269810675,0,0,0,0,0,0,0,0,0,0.3327892106879631,0.09838793799274738,0.08658695503691392,0.10405051232122599,0.3160522082541078,2.995876308997125,2.9920435972585446,3.130346359838763,2.988602323832694,0.20854577372742053,0.16986645810294299,0.08251350636793824,0.10354433264218157,0.3437003004922329,2.942405968923589,3.003456150922615,2.8382784464218616,2.584793655019448,0.026655265613745305,0.014019426967191186,0.007988763127384195,0.008915445146912107,0.02397712053055217,0.2967451724682299,0.3542993419063163,0.40284404329804696,0.4083487055614064,0.02712193569620974,0.016609632819528902,0.008628034784976908,0.007894423443338777,0.03206275897370901,0.30067870117525164,0.23749472223526125,0.2000383299135627,0.17152376453107518,0.6461538461538462
COMO_ESTAS,0.09381943698983118,0.06682987710586719,0.0657244955207882,0.06342240479434899,0.21152100603481475,2.2206309429221753,2.0224492598604744,1.7244385217959386,1.5761041748668327,0.07965508769476831,0.049671224104643245,0.04707394587477065,0.05076602142116132,0.1678946468523217,1.7602516856736816,1.6126845657339441,1.5442660685039955,1.563322748350385,0.05007959253385214,0.03228062653757364,0.013189110826697468,0.0197905151270205,0.042135030892075306,0.6214370400053315,0.7863323958996047,0.7585425594323169,0.7662964985743861,0.046538614577239706,0.03129757171631859,0.027514636975823452,0.0318453328819992,0.09244996864761755,1.015546194877482,1.0009410675230421,0.9818735825188402,1.0094456733231667,0.030236445030808086,0.02490381756664496,0.033053398546945896,0.04058434358745311,0.11927245480867518,0.8019340173025371,0.1579017372050666,0.30812775593626546,0.26053378879843686,0,0,0,0,0,0,0,0,0,0.20853049877531332,0.1985229172165715,0.09866238203686543,0.15498301012724547,0.3126767757857096,2.985467493800109,2.9473428548730594,2.7874576925544052,2.6869297591783363,0.16086505328180434,0.13149150754500968,0.08698359836423641,0.10287823552788229,0.28088409748505133,2.945077183430366,2.8849589248384273,2.7248722946489528,2.722676978289408,0.029561629378373238,0.01951869654890165,0.010897083355487973,0.0140040955157797,0.03254539523959943,0.5576819032865556,0.5121380587437371,0.5547734910042444,0.5061315968468567,0.026938825888977797,0.020579740740921445,0.014263988939767606,0.015614508394499585,0.03957278218579192,0.3888760072008639,0.3449874952064538,0.3303925167121167,0.3976240969016173,0.5538461538461539
COMO_ESTAS,0.1564965786525224,0.0660754725252699,0.06900756481134435,0.06727161020792059,0.27792334166272775,2.18205922002078,1.8726075289057846,1.5993978203267976,1.4205001879478827,0.11092465667532139,0.06069070110264954,0.0600196917461554,0.05167338576043218,0.20464566513754842,1.6722316444321081,1.4360456792257776,1.1803663996838163,1.108564823919766,0.05151076735826964,0.023329748050757392,0.017217266162500033,0.02637676502286303,0.07768215644112246,0.6630145588627332,0.9057379256426241,0.8555054426254177,0.8078055678536668,0.05718951206712695,0.04329344140599635,0.0342598828196446,0.030870870654438266,0.10573620510980543,1.035393218644329,1.1228461443664477,0.9129470235071329,0.8191864645341899,0.031849612073722756,0.02227180315948647,0.036476660584786845,0.026941508402862097,0.17066526920079567,1.0550934482579688,0.38280405237667325,0.253290673411997,0.07070343478531488,0,0,0,0,0,0,0,0,0,0.32306113820222515,0.13653734689525643,0.12454736282304782,0.1269829772581744,0.5588286579028989,3.1225238719025596,3.066709837866451,2.800988625241439,2.569618535574559,0.1966039895101213,0.20405155472303935,0.12344768866352235,0.12501564702896928,0.4040281208960529,3.0060593504218542,3.069756641420717,3.078836302310614,2.51690285326842,0.018528715306200986,0.013923594309352161,0.009213958100058928,0.010033322859193804,0.022638572390137165,0.15905205756725152,0.2058396734707062,0.23533016464528086,0.2797366457627516,0.02376781355130856,0.01587883996113206,0.011102560425220539,0.010081542641246315,0.033785402958038786,0.2731069623984836,0.27581398485196534,0.24039781467798782,0.20942889382120242,0.7230769230769231
COMO_ESTAS,0.08798451737051474,0.0722368098007018,0.07156593257713671,0.06681019330553939,0.24150242980206402,2.3678343052368658,1.8322010371418593,1.442271739293028,1.267819952539788,0.09592288095417972,0.06642495407320753,0.0720044793658224,0.07308410775051444,0.1975857687720732,2.1259213323766524,1.7644377125978234,1.4460667944418055,1.3420590072526222,0.03797444247921572,0.017786183356379603,0.014193108151548544,0.02121997174831361,0.053367027202053746,0.5786783295315715,0.8991149288354588,0.8838087311382846,0.8360037528040651,0.03797387751198977,0.024351009919264668,0.022696365542265527,0.032801819429989214,0.06630955991241949,0.8898370156172769,1.1549757436276966,1.0845294598867568,0.9952449545010519,0.018499958473798192,0.038596264707234,0.04297131529823592,0.0288432883715237,0.11612142144561079,1.0219730564308862,0.31353978922516984,0.10079576842289477,0.03002426850230498,0,0,0,0,0,0,0,0,0,0.16566675285922874,0.0998309515610828,0.11336826212971984,0.11660178028438119,0.3152500466188477,3.059857056184943,3.0393241120641465,2.8697662485941025,2.8618551703741204,0.1652910746068373,0.11106861987439764,0.10442547933201017,0.1329213988259249,0.2997870597084836,2.9971727575057328,3.0219955700210117,2.7968611321477583,2.490238395067747,0.017946439743890142,0.009409550109489722,0.007344071958621674,0.007817046303517603,0.018884879692461568,0.16849736333477472,0.24295409880572716,0.24773196940287873,0.3008200320162143,0.015747750636922887,0.01007741376768968,0.00950813569937417,0.009420245901676975,0.024818792863808427,0.38937294695774,0.5418934745221395,0.3956505979502406,0.3827764251511829,0.7076923076923077
COMO_ESTAS,0.08844313876024008,0.06272644835022566,0.062370588668045235,0.06706957635684839,0.21741407844628488,2.0852346442432332,1.7229627708711408,1.5196364433578857,1.269407127208979,0.09115694505084714,0.058491012523964325,0.06533650770823342,0.07080131876060732,0.21415309462928422,2.0589616350959425,1.7574811593791633,1.4161587339969115,1.1566467614792628,0.037542464615952516,0.024318839302669863,0.018682138629141677,0.02800406849594469,0.05438839579696475,0.7748101119493882,1.0985128638521697,1.0283824082238358,1.0210937903935795,0.04202877666255114,0.020840975960419447,0.023358201712932087,0.03947665886642743,0.08113374166731954,0.9326359939970392,1.1726618968905143,1.2013526703263266,0.9205690531207231,0.030538070650027258,0.011344024110523829,0.020391736783033732,0.016943427837940884,0.04754928635052826,0.9878151974569035,0.1685571716992199,0.1879069671105546,0.039787214626875546,0,0,0,0,0,0,0,0,0,0.20415299030539893,0.1423787380974488,0.11525205431915461,0.13466336471432494,0.29887734219571904,3.082944547976284,3.038687685212733,2.9178029290644902,2.888426976134265,0.2177898449492976,0.09145328409552653,0.09855560096533712,0.1359997626741112,0.3134749262905437,3.0561865617070607,3.094368937176712,2.914061259826287,2.916488138239896,0.015165371974080848,0.012868673212283192,0.008313242494257215,0.009933839081093774,0.02642821479685684,0.16490284181287698,0.1894853810879088,0.185072459473194,0.2029185082343212,0.022416618879267314,0.014048342223947,0.013051999934124994,0.01825027639770184,0.04152588312750227,0.513679810551517,0.4942633948078876,0.4475031942182032,0.37877444410529215,0.7384615384615385
COMO_ESTAS,0.08902198396589692,0.06218544639660893,0.06341465311547981,0.06401472176340338,0.22270104567819363,2.6022847174119756,2.530951808857485,2.329248615681711,2.0382232491551138,0.07218589970752075,0.048383238854370056,0.06050444868983733,0.07097949622501352,0.19695903597836054,2.278813789967808,2.211590829332148,1.9528191518984532,1.6324130592506243,0.04559438699738278,0.012535417110236242,0.014335125711533538,0.019359138829990505,0.0375907575067456,0.23992449955126516,0.34625110022209304,0.44331062382321773,0.5613324559634041,0.045547534258835586,0.025510969106004353,0.03248861977658509,0.03724464511611632,0.10690497555571446,1.0139986345615162,0.9984296114907784,0.9164835170554547,0.8824105227277316,0.03369200306949138,0.035982276816532446,0.03839213638946848,0.023373640030310405,0.06707147645855153,2.098082577576875,1.3771640923346777,0.9888966821984931,0.47704714430613543,0,0,0,0,0,0,0,0,0,0.20139396425352651,0.08930802937599479,0.09274057754158992,0.10366937359203739,0.27942969832141307,3.0353357222052346,2.9978753685970987,2.9477355700847707,2.924475993723234,0.22206806853474007,0.07366974982196484,0.09782653772653838,0.11217699999824998,0.3105962323874078,3.065352890698114,3.0079796981279734,2.9540359333647785,2.909757424255532,0.021023270120571244,0.008633820740061846,0.0073027156229648555,0.008241182265075107,0.026295096249692094,0.1404692106073918,0.18351633626403166,0.22461255555681847,0.2464273204334167,0.035374451587416235,0.013763385986741506,0.015319711953775092,0.017325058962061452,0.05754707109913479,0.629426305712692,0.6331349228440406,0.6112720748930776,0.6021795803358027,0.5846153846153846
COMO_ESTAS,0.08482525292992879,0.05530958437506545,0.059720797114047264,0.0816302292619225,0.20748505735853942,2.2236628660221047,1.918524021583955,1.690753018481112,1.3932432093161211,0.08216746488801416,0.0503551502581136,0.06079155484176809,0.07559879871346938,0.20278808202607282,1.8852399016466908,1.6382588693532278,1.3524405194560327,1.1033291594118522,0.031873587865422985,0.01884312368643657,0.016928470825667122,0.03333477237697682,0.04622522592658088,0.7288214047189367,1.0707079909216342,0.9984454369693417,0.927365970275721,0.03915424408700869,0.021569258267793875,0.026467825306095125,0.04296519520001767,0.08787480410092362,0.9954411663302798,1.1538318341579727,1.13877668657364,0.9035222144354893,0.03983062685500718,0.034003584874222614,0.03624763907954359,0.024412780576022232,0.045440686559233716,0.9885249659670611,0.33727787420239763,0.14553433760724627,0.14707540168271124,0,0,0,0,0,0,0,0,0,0.20023983428014694,0.13875318655988075,0.11071543857555126,0.137670503332657,0.31211516101722214,3.07620714566986,3.06686111288584,2.915866864536666,2.924412129892421,0.15505241714149084,0.08368373722590244,0.0996212454860314,0.14000189999764678,0.31412586759833994,3.0634516838675148,3.032121606609465,2.9723536990425536,2.812450393582665,0.0211417749137853,0.0125713053645659,0.01049499058815378,0.010585439167287743,0.02584160751778388,0.18163909465681635,0.1595281337042323,0.16834055798563147,0.2210511077414215,0.020845771792730495,0.007635891162120473,0.010140810198492323,0.014181956129769524,0.03259443365808073,0.45192616091763743,0.4318991009709454,0.41333060856132997,0.3857942029512607,0.7230769230769231
CUIDATE,0.10643019038437618,0.1698093707075403,0.06198648873576625,0.04717792768118964,0.26615689444003704,2.5020614815685307,1.2717799642879757,0.9899012229854035,1.1116290756487295,0.11982689563806635,0.15934484024110343,0.03508043177758565,0.023606146808479816,0.21743955690612252,2.7892390713729864,1.3185134864863228,1.0749362979792962,1.2629399215296147,0.026292966092383126,0.025318729956546337,0.01036144577615969,0.006411745250664106,0.03766185089131626,0.1865364294674339,0.12547211842153183,0.1210652677947957,0.15798182363581856,0.025331812245786626,0.0374536501163517,0.00925190590264903,0.01041617025495276,0.05340801809748219,0.4309846690678833,0.22810630300631182,0.19021002315880514,0.21378499480353885,0.062112406789076494,0.08707014216627842,0.04651321717171683,0.037493561944505434,0.19304238158708484,1.5622460000879224,1.065648332944308,0.8109252209004503,0.9046398684201868,0,0,0,0,0,0,0,0,0,0.14837522158600636,0.202312861408366,0.11566784998117476,0.06296454336332659,0.316459379475246,2.8583357101139883,1.6335733180556207,1.5528063013619593,1.812860173659698,0.15101003948541578,0.20741557798110516,0.05198643962147933,0.04677669260497633,0.28417885385042946,3.0782554159810425,1.6608393198787235,1.4008465168771511,1.6616731723736478,0.008031501657938762,0.008140972840777971,0.00515147828514886,0.0033678157482648283,0.010660362061262385,0.08543757971301597,0.09445104375155586,0.07256287277751397,0.08875052013311294,0.008317529218078287,0.009860755647391577,0.003909780322523719,0.0052211541556906466,0.015224342827892912,0.11519599104800324,0.11015048661770849,0.08945048525072706,0.10605228971305955,0.7384615384615385
CUIDATE,0.0814036471078683,0.16232023396043047,0.05014057670949758,0.042323462694837354,0.24019767639574813,2.624056989485653,1.2308118844108835,1.0148927296254509,1.1543880871518308,0.0815333057580843,0.16089402271747633,0.03365348504510326,0.024798324966383865,0.2279295911471332,2.830280674938349,1.3117239092398234,1.0961761766834799,1.2223982071167874,0.014875351587830805,0.040959593065690206,0.013207024734860578,0.013507764099871433,0.044145072251195364,0.1564939489418781,0.24261686408763342,0.26900403481326923,0.304456941319528,0.027636843628631617,0.04683247310617221,0.012991923426546648,0.01636742560229648,0.0624348700117975,0.5901555926239331,0.3326880654763637,0.3364567993444443,0.3585329812471162,0.05482176616462803,0.017997152257041196,0.0106076125082082,0.010527886885893529,0.12149792482244827,2.0655545798822827,0.9822285303710557,0.825362565500804,0.8792655072857328,0,0,0,0,0,0,0,0,0,0.1178618753346729,0.21045930463326093,0.08701473015326357,0.09979949536594017,0.3013784244345333,2.894398995320414,2.3535302900036013,2.375583015843848,2.539845376280482,0.16630265959904195,0.21083905104054945,0.08637661685748035,0.1110756978275128,0.30522074030015806,3.0871441225701606,2.619497626988564,2.6909786255783876,2.7276668360250156,0.007447292852541556,0.01328466691187851,0.0067501412766544765,0.0046624901689082225,0.014382539090081716,0.0808632271398547,0.09582754408612096,0.08235397423460114,0.09996711143637092,0.013709894345835501,0.015845100902672576,0.007095127555121727,0.008277446742284674,0.023585696361590396,0.19635566252607642,0.17811568058045246,0.15490104308960834,0.1802573491420375,0.8153846153846154
CUIDATE,0.0875502972545149,0.16021081168561319,0.058105381195901716,0.04506312194693677,0.2527263672272653,2.6938469136115337,1.3663126752130996,1.0821533434301185,1.1934081671561345,0.08946207300440598,0.15597438177888728,0.05376277751100689,0.03578003790343767,0.25483195350701404,2.6718714818326372,1.4148637477432668,1.081554566932747,1.1906395097815965,0.01575959252240831,0.04169923663606297,0.023045513026833258,0.012707139283290947,0.0401539410139595,0.2362964534747614,0.2762342160608184,0.2302720749137762,0.24604891889875688,0.027245612604778643,0.05261659867086264,0.017705609867726707,0.01574363352327967,0.07606894774448297,0.7000025658878769,0.4150467280107121,0.4061284405524442,0.42820396545742806,0.062231499072579154,0.022424972684759865,0.034481642918870174,0.02587433089400556,0.18375719692469544,1.6842658791728449,0.3393724139214018,0.49876175454536736,0.7349139805291699,0,0,0,0,0,0,0,0,0,0.12443692408060132,0.20682909754480672,0.18596163711907301,0.10760539771730024,0.30999058953910347,3.043697853106968,2.1960167780366313,2.1791228446514554,2.0406405898234046,0.12011386483183971,0.21358640320698852,0.08444929403343755,0.08975331518855882,0.33314104608489403,3.055938218504322,2.4321346366230876,2.5717232345039456,2.6380094827105363,0.007587501126802626,0.01936809391130059,0.010117948488596,0.0055419967611441,0.013029992862278062,0.08900150060178133,0.17395985398138702,0.13218216831464633,0.1283752607022005,0.006587788563410377,0.01320345081729554,0.006196673411825206,0.005632864398084398,0.017152461687958184,0.10948874312722244,0.1496436574858393,0.15624727208726358,0.17581163914363898,0.7846153846153846
CUIDATE,0.0900516080881821,0.12616606648835887,0.019721243717082372,0.033231574853346074,0.15330173940217756,2.9575232517002563,1.5233861351269409,1.3738607760327344,1.5854241835454297,0.07637886239475718,0.12451889414498811,0.03830085285279964,0.04085024788357274,0.13394408849260311,2.6754762827164145,1.6216508575517068,1.4769610792473835,1.7360090539934157,0.011089819078447413,0.018148362109083722,0.006769556003125394,0.007448631167035942,0.017483809673860432,0.08938805694712446,0.17211155560124378,0.16195372220970125,0.14665366770073263,0.018829273806265867,0.031923830077040985,0.011823949586177357,0.011737720146717425,0.03476936382225414,0.6413773493638631,0.3947309637713988,0.3585853157904642,0.4214924230901119,0.07005198213609239,0.042770894146307144,0.009878795731970329,0.012280179553792485,0.12998412526436032,2.6693227334036376,1.3341007604017086,1.0687254656865224,1.3052891526800559,0,0,0,0,0,0,0,0,0,0.1398782130745262,0.15410767651448987,0.03950596492852139,0.04432487988642765,0.20378018028608094,3.1134963722938123,2.7247543463813164,2.2800161637978467,2.2560120962428565,0.09723506745696353,0.15204134792360888,0.05354484494599629,0.05823730726573737,0.16287784404522507,2.9677467763078718,1.9198761379342408,1.7199799412231556,2.032521198354473,0.003863846838217047,0.0060577965527568445,0.0021097961036158756,0.0030888439501316166,0.006083574453530243,0.05086039952442049,0.07066599171517796,0.0541464308687131,0.05242933528105811,0.004196201296347436,0.005639133894925099,0.003001519677742864,0.0037239540907655255,0.007141756252578464,0.09865053198440885,0.07715248419089006,0.07227370641149404,0.09125856230132987,0.8615384615384616
CUIDATE,0.06468691292304171,0.12614389024750772,0.03845709180607141,0.03401083050808173,0.198822200206095,2.8477545872804413,1.1202288256967494,0.8628478234204111,1.1084845988976244,0.07005698172529454,0.10135887756941227,0.027093023103605954,0.024128460069582466,0.1488347389987248,2.809228644670979,1.5316139374951392,1.2919441098821767,1.5853170397442666,0.006865274844595024,0.009623457581075844,0.005609890002027107,0.007456107735202329,0.017617510183042098,0.0385751337659587,0.08448551025019177,0.06219334097899708,0.07940448221241815,0.011440023609288181,0.015934394535177566,0.0056259397458121516,0.00563296983760865,0.024479815701067494,0.4282215525173156,0.24044698951330887,0.20775659273356334,0.28019044685355743,0.0529085213983701,0.1054397542694702,0.026443647835024665,0.01913774375531617,0.16106610977598523,2.7421342797014625,0.9883339627913925,0.6740166737722489,0.9481546807612076,0,0,0,0,0,0,0,0,0,0.08146728168831402,0.16307239527485484,0.04663198682379108,0.04301978422740007,0.22535114511258003,2.9323407298872475,1.3256355557512352,1.1418109282281332,1.4761228310493055,0.08415452371603402,0.11409747719051458,0.03358149776714341,0.033295053661986,0.17155756863434482,3.076607185017776,1.7080251285937336,1.4180073008067737,1.8771357855494197,0.0029471044160758993,0.003201192640990016,0.001670513222351515,0.0017670265462320152,0.005148882459641831,0.027338957303691413,0.04468997730786102,0.03441727663028094,0.03551967895702685,0.00508677742187025,0.005290673300486048,0.0026823941079009515,0.0030260043734193606,0.009063903403370509,0.110588847954741,0.08507986232388016,0.08070532002595758,0.13342371273933773,0.6923076923076923
CUIDATE,0.08757250670519022,0.14844468643492448,0.028982451254703327,0.030456992802227634,0.13658658766391582,2.989973365210815,1.9043973618947168,1.6965596299912555,1.8506172889792152,0.08251186248127211,0.11863585282229802,0.027899735012087194,0.02671014255029139,0.12381098033899425,2.9913647945043422,1.9259042596339584,1.668501208747997,1.796244300769482,0.01351924329530693,0.00738614907191333,0.00540520631812735,0.0049229883307775725,0.015094943267004408,0.06331346939524923,0.06584043363236144,0.061792843339129336,0.06519696463590202,0.015181351493939,0.02130301398480588,0.007199122117607543,0.00748429943883326,0.023103549609470145,0.4544905257417414,0.3081589522986819,0.28247249828489024,0.296479295728084,0.064753236015985,0.13836135451207396,0.02100672948344085,0.021952657761193293,0.11067219552620916,2.85362339339978,1.7883328054790346,1.5897180913189517,1.7426867593760216,0,0,0,0,0,0,0,0,0,0.1151825450645308,0.17299935908878028,0.04661470880908326,0.04000541470760442,0.18550176526747006,3.1046130771966016,2.0999730701207757,1.8539447631309613,2.0159803977940034,0.11328497621434212,0.13404034248900124,0.06078124709996458,0.048938516902574426,0.17551164515487166,3.1286593377694474,2.5650118778368887,2.376790551157787,2.4946263722811177,0.003389665876986764,0.00371238121037356,0.0022412151109116115,0.0027829367288642907,0.006247756437333729,0.039776547552991655,0.029176858989789146,0.033263085791654226,0.036265446877010755,0.005993931320349114,0.005329739867826345,0.0035809719403678626,0.004123929801506053,0.009531053601693443,0.0895627188068612,0.10904987115774616,0.12149497943476971,0.12576468266212507,0.6923076923076923
DENADA,0.09885972165146129,0.04421173125713722,0.04167505705344598,0.041053443660697284,0.16124735385404496,1.1101287063029521,0.6648484287147123,0.6128403982735208,0.6313074470773219,0,0,0,0,0,0,0,0,0,0.06463793783196857,0.027294016226477764,0.0262554706893549,0.024080725843819335,0.10975168891970881,0.34521957566445005,0.3767307014649616,0.18770260229248495,0.31958554559513946,0,0,0,0,0,0,0,0,0,0.013436822619984908,0.0049967934997784715,0.011558782021841543,0.007423780277951388,0.02739537878703655,0.41056199050232434,0.004802068629961438,0.17746744755369967,0.10038069219044211,0,0,0,0,0,0,0,0,0,0.1858216885176379,0.11447132594902838,0.09085257108371357,0.08161135625654944,0.36988161469951414,1.9021271774959514,1.2389725821328974,1.0713741341177876,1.7170508382595822,0,0,0,0,0,0,0,0,0,0.006438853821531211,0.005624870934927478,0.003262911671633031,0.003669187051021063,0.010047189881071054,0.11468594034947097,0.08382694256836208,0.07903748012260535,0.10428602482970924,0,0,0,0,0,0,0,0,0,0.9846153846153847
DENADA,0.06617016729131726,0.03494863598820498,0.027588547337024604,0.036065962972101934,0.10081453661712839,1.2655341086985383,0.987925409154688,0.7995767701403198,0.8737948755662217,0,0,0,0,0,0,0,0,0,0.06511748880093161,0.020117642377622088,0.020781273883874844,0.021405015356516167,0.11010468470920577,0.2295552560679528,0.2398489086747402,0.19662628292840081,0.2603707938640873,0,0,0,0,0,0,0,0,0,0.01528977129851927,0.008054222629794506,0.012256851973247709,0.011482395742172986,0.024214170593612163,0.878513751244422,0.41401944601533924,0.20676200415231652,0.17744557141858922,0,0,0,0,0,0,0,0,0,0.25167799805124974,0.11231412163965236,0.1094337452041086,0.09827746554329198,0.45422394742457634,1.9159772762885687,1.6263646514448098,1.3624243898478814,1.493068847591632,0,0,0,0,0,0,0,0,0,0.0108194265224404,0.006557233005850638,0.00431170634366763,0.004313026722136354,0.017599979000223767,0.13162060545361876,0.12892944305023585,0.12299795394482173,0.13475006884827773,0,0,0,0,0,0,0,0,0,0.5692307692307692
DENADA,0.05320369529055768,0.016537475883807645,0.02124546556323364,0.02627512998334742,0.060065032975334665,1.5580696271087984,1.1918346107058646,0.9545334955697329,0.9412180701104801,0.0039653719092661585,0.0015941226126197055,0.0017790822304130048,0.00286789579318291,0.005483047974684299,0.1710149350804376,0.1628657240034437,0.1605218534647193,0.17875453382872458,0.0443824363174541,0.0181164809200254,0.015961870694199146,0.010977003324137705,0.07730284590827878,0.23881076369147605,0.19736428244529103,0.18417387427060905,0.2250747414198822,0.013434313034147573,0.005519627405842154,0.006121336308379737,0.010442962928189187,0.018722115840733678,0.5922381949208835,0.5634043754727509,0.5517447416043665,0.6106563750108732,0.02128258276571832,0.0023359203188375853,0.010110409445784611,0.010019522905195961,0.010336445697722855,0.9173239825483713,0.6016520895682906,0.2643087300574413,0.16084985815141473,0,0,0,0,0,0,0,0,0,0.2227411921160234,0.07260238025121668,0.07637371486230161,0.06901662588443233,0.35126058040892183,1.8314484573266672,1.4936184460583761,1.2905331343361106,1.4725063246240915,0.05846890599217479,0.02704202486649036,0.02932025689830972,0.04911437791611667,0.07761889930558713,2.809790793273755,2.4860918798862177,2.329642975381803,2.615100223476042,0.01089545561688922,0.003564036946021254,0.0030546567016385058,0.004099576047978376,0.01097589049806251,0.11327474949296444,0.08731475326563136,0.09415609629945763,0.10901919474413596,0.006429344974561835,0.002676214342417813,0.002888821538652671,0.005366629160095042,0.008439167127034757,0.2831505659794668,0.27622698103436344,0.27494220471526193,0.2950526126943911,0.7538461538461538
DENADA,0.10148377931350926,0.03435929389603836,0.0375679744903279,0.03620478755390353,0.165532700666255,1.1119081033156084,0.7639641553821993,0.7078971193405468,0.674683164726331,0.012138099775376039,0.004598708550981302,0.004705741314928168,0.0035400546805174813,0.021513174272080143,0.04898060950737232,0.026319388741332588,0.0333818172630257,0.050982768386558755,0.06989744938261816,0.02874203368233676,0.0280172568271186,0.01941214993862684,0.13043772196370548,0.5820587373452455,0.5594799131184977,0.41859836551207297,0.39103890902755883,0.04704967709121381,0.01787848575014341,0.0186084613643335,0.013813550658868533,0.08341238715402012,0.2653989687065792,0.16893993924774217,0.16515937026001573,0.32693379138942436,0.034146629457809184,0.002915663650382528,0.010973111538240331,0.010187529589632545,0.03795478010489344,0.2800966111593531,0.031484772185006185,0.16695821065624403,0.15472005910088985,0,0,0,0,0,0,0,0,0,0.2200908472112812,0.07948235928052085,0.08415493103372781,0.07025731701034525,0.37284528211227635,3.0970921772558664,2.9408069193735016,2.6114644833674503,2.4314992447924313,0.20604805509822388,0.0798092816277606,0.08798069882264713,0.061617915184268394,0.36161983734176,2.0654919109120264,1.3533218660917465,1.2445999038875932,2.6207171497569903,0.007106656161875727,0.003404107781068035,0.003516177576036484,0.0033866512547667945,0.013638131400579281,0.22889408178429035,0.2211333840973214,0.18018775941068776,0.20465576640372624,0.012693143234820944,0.005004573074727503,0.004368771878958411,0.0033896819470407213,0.021676118664775493,0.07852917079083808,0.04763202078408363,0.05137267036695599,0.0918309054788157,0.9846153846153847
GRACIAS,0.1038565696113389,0.05620058128753826,0.07780927862599783,0.10309955038470273,0.16634579247738276,2.5095696383331316,2.368829766851671,2.2376697796839182,2.16913099804842,0.11702414110187978,0.10859657688502374,0.07143932821906977,0.08796382768444813,0.17543203617834185,2.161362126602008,2.2796069618490944,2.3081548158398366,2.3539567830851826,0.02213981185043003,0.019285946506421684,0.01907096950811825,0.02248114573165096,0.0631111661694034,0.13485427687388632,0.2063264428954684,0.3291540101598023,0.381542777886458,0.07218832409343814,0.06164730679867016,0.040851153665215266,0.05827746028147953,0.09044940250900747,0.9514892086904596,1.0119538631986218,1.0292028280831385,1.0374530896343,0.06545095939758112,0.02154523062877121,0.03753737838824963,0.05223910212823573,0.04415379841989221,2.1828348154561628,1.9682649518845912,1.5906933314435838,1.4724188196533594,0,0,0,0,0,0,0,0,0,0.15646730401817552,0.14751510622044228,0.17010509231651155,0.1699467243402863,0.26545186245741875,2.8704276728359686,2.860338828449363,2.9989870367745266,2.723904197113966,0.2952311190133901,0.20669555216623559,0.1937204923401834,0.2864175927367217,0.34265049127830904,2.965851346902175,3.0481561210421804,3.0942769284049647,3.0993327682513256,0.014250672763410478,0.010009180955387977,0.01136337632132973,0.011789139672244072,0.02836297801724625,0.09101111070263064,0.07151787615774148,0.09458202282718028,0.08933544182642679,0.026168315061365358,0.035263498298283624,0.023878914579658843,0.028747946354971386,0.046681962821572456,0.29388190529689046,0.26190752535563333,0.31185936406864817,0.29981573446142035,0.9846153846153847
GRACIAS,0.11540695985289542,0.04830300657227564,0.07469686729986917,0.10353607928323635,0.19718568708457918,2.76253919262804,2.5982304503595652,2.4618512897762876,2.422646713099539,0.13476990945802939,0.06951804499871918,0.05725526193828237,0.06882622601117012,0.20111277475373893,2.0022083566031452,2.0131417813698986,2.0046617657495407,2.004626436872881,0.02172618849580846,0.01312768620647486,0.02197317764883748,0.026034361888839026,0.07564787136007,0.07683439252495233,0.07924065432589168,0.12949363175318487,0.1628217188221538,0.08516842631818844,0.048478435785557175,0.038602837061828384,0.04821728396829601,0.15096761765836647,1.1640984209162724,1.1756327232486026,1.182055824225184,1.1866341696929932,0.07871101791288176,0.0185562322133184,0.027471289210465884,0.026475276087004628,0.07052858621778843,2.5735734184035466,2.4556480116370096,2.200916651241703,2.073507039044782,0,0,0,0,0,0,0,0,0,0.22812067129792007,0.07728790890335994,0.13198845635347464,0.1925405183028604,0.398896276134248,2.9215111831300598,2.922724059209365,2.927693784716613,2.9398422917424143,0.2659680823376831,0.1480614390639052,0.13372279142629376,0.16245571637563308,0.4846775706571329,3.0578178703402528,2.9650289559752623,3.100696374020556,3.0540206934425607,0.01223198341077949,0.0056361557892190255,0.006534125204997912,0.010243306764157181,0.024781281915766482,0.04334036273500102,0.05978554302730036,0.0754713779605348,0.09076284162772116,0.02597236958295321,0.02090794993262283,0.016925204981521915,0.016541436389011545,0.03427870014693431,0.2092468692035358,0.17405535584467452,0.1906347237351229,0.20608198456413268,0.9846153846153847
GRACIAS,0.15963889367041903,0.10096955178612808,0.08016546315965355,0.1101887842935706,0.21174782119128138,2.486715303006657,2.5184069074379143,2.423003380177364,2.4668131168138747,0.15343147060354884,0.08694971837684719,0.0661049641127243,0.059871504656743436,0.29295353874499486,1.776087397369528,1.5127718468381373,1.4203817164444172,1.4387210046601246,0.03654931823755358,0.04755287114795067,0.02597115787539385,0.04760240926787295,0.12895655635023404,0.2451049312005871,0.47587716501417887,0.6266012418595095,0.6074474521397217,0.10103771246932915,0.05731055950419588,0.04186150226875055,0.037799191245305105,0.21283174611344685,1.085248477855175,0.9496474881458338,0.8913177696787559,0.9031384916852742,0.10023523858183613,0.015321308167572077,0.02714434725808256,0.04201803923867041,0.03866987566711671,1.907355165483711,1.2014365346035043,0.517531819737894,0.8385860453817598,0,0,0,0,0,0,0,0,0,0.23406404316543108,0.18002514408232717,0.13256134308506862,0.2404998924945594,0.4720476143725769,3.0329071212021614,3.0351522061517233,3.063475366722933,3.1345489224629057,0.26218293640349366,0.18771790078535006,0.11589984203933883,0.09353071085712641,0.5038440125765519,2.9616023781801104,3.029758208799068,2.8248555914272706,2.820742632550408,0.02007080212858568,0.02408554566707219,0.020046060748720354,0.02306033022935287,0.034363469639180105,0.17558263733972324,0.14491809422404295,0.20297672402599967,0.2320710649679872,0.033912112940129385,0.02507886718112986,0.018820702766463398,0.016189801249496556,0.06077923486052433,0.43072879201190084,0.39857719680432535,0.37702400121180024,0.394229870410732,0.9846153846153847
GRACIAS,0.1316976290198434,0.04418442345667404,0.0481410373038914,0.04481157388306594,0.17743134382415923,2.818852626430178,2.761834933574231,2.7275946212388797,2.775392997234977,0,0,0,0,0,0,0,0,0,0.04850622989885837,0.01983629604463502,0.024585138108845845,0.021194896232447767,0.06859564461827863,0.3286910008417611,0.3249666433113185,0.42964836816239643,0.39746533851213695,0,0,0,0,0,0,0,0,0,0.012743220749854914,0.013815318872129844,0.021306077891159233,0.018559847755145884,0.047715673937134176,1.6313510567178429,1.7532543010686448,1.6735611305332503,1.7556667951236429,0,0,0,0,0,0,0,0,0,0.21564020837363532,0.11409673908812884,0.11439207150779451,0.10318791089603215,0.3328171784377592,3.0732562316889847,3.0442677661796607,3.048276459922052,3.0191557529831123,0,0,0,0,0,0,0,0,0,0.012500236466432139,0.009475629518406484,0.007165790769511953,0.005900158129373753,0.01664537161894836,0.0989569743009817,0.07895682300861717,0.06864135939213284,0.07063606773060215,0,0,0,0,0,0,0,0,0,0.6
GRACIAS,0.13471527539012418,0.05013553003441113,0.05406286105245727,0.04439962529430437,0.16973764944574418,2.860695698450089,2.7158061001907208,2.6461155872165767,2.725865920802763,0,0,0,0,0,0,0,0,0,0.04837228289390085,0.029099461945523795,0.03445895770246535,0.026763538331279105,0.08189317110649884,0.2396905481864747,0.3478891351881761,0.4571874365656012,0.3748538644597611,0,0,0,0,0,0,0,0,0,0.014448702011698586,0.021227683147113242,0.023940815086832542,0.008785654625866583,0.03467382467321386,2.0595782063800514,1.4808313167671834,1.6211289058609848,1.7225146839883068,0,0,0,0,0,0,0,0,0,0.2683831574094421,0.13174164859819296,0.15085281395756583,0.10552143253667928,0.39837465310010933,3.0850261300851476,3.071515209227229,3.0696055765189185,3.05784248853342,0,0,0,0,0,0,0,0,0,0.021159542576047054,0.01098096634071816,0.009023982008479717,0.008769579662386244,0.02238648785060563,0.07070437886161829,0.09936210983356679,0.10089420243957567,0.09415795753131288,0,0,0,0,0,0,0,0,0,0.6461538461538462
GRACIAS,0.15663502324230438,0.05460024837754971,0.0479604915395023,0.049652633897451025,0.2021442182862632,2.972447177642006,2.954412044809584,2.969797962982398,2.970145983379132,0.0028852846000286957,0.0006951213303166303,0.0005124188664290706,0.0013439926720694962,0.0033060262432919947,0.06342675769858731,0.060623326045117915,0.06109792357715263,0.06359615833569847,0.034442562055635124,0.025931498659316637,0.025831583746842215,0.01990219672536875,0.05664153165744329,0.16318847426869365,0.1443546376364795,0.1868166956531221,0.13815422696309992,0.018920076389803458,0.004558215390482327,0.003360155215301148,0.0088131493242081,0.021679063850116347,0.415917064404285,0.39753373367957706,0.4006458778196802,0.41702789866811896,0.11485105257021318,0.019870852984862436,0.018159709613575364,0.023573606090569566,0.08861706331494136,2.1275594874972463,2.2509786899100037,1.9454880432686181,2.2542016669297884,0,0,0,0,0,0,0,0,0,0.25965125528813654,0.11740877832424321,0.11718115696977807,0.11384325658019229,0.3527199511343838,3.1041114014550906,3.0898292978703332,3.124240658937442,3.095533706426376,0.12695252240126262,0.030585338533931732,0.022546430122879105,0.05913567757105784,0.14546515470484778,2.790777338737842,2.6674263459851884,2.688308637394716,2.7982309667707326,0.013473836495756848,0.010938191385101787,0.006515811809664935,0.005274819682396133,0.019744529317343905,0.05518243635775184,0.04834028111298206,0.06013174888091256,0.04416594501218029,0.0059047684837796564,0.0014225738852991503,0.0010486711685060049,0.0027504966312119922,0.0067658211490626875,0.1298035971505973,0.1240663416737297,0.12503761104161468,0.13015027752422012,0.676923076923077
GRACIAS,0.15721534332237877,0.07717820298540275,0.06481692484029157,0.0878660536154978,0.23936261470709438,2.8188827351838035,2.794072206626381,2.777899313104559,2.7513209651806236,0.12288322735768918,0.0672373151669896,0.058550864194880155,0.0686054595397673,0.2729267013727654,2.061072411746816,1.8903683250682952,1.6498388481155197,1.9000401072584696,0.04086207321401938,0.03621879856332671,0.028506680378428604,0.017555039931062864,0.1408830265233931,0.2004959786678397,0.18114176690249678,0.21719410151507118,0.27800059644630193,0.08503436796909493,0.0474554306940733,0.040626579297854286,0.047995071445168826,0.18802717181280804,1.4188219449767836,1.3050355619670309,1.1565788494889027,1.3147315256438399,0.07639965708987345,0.015556311054227357,0.013550831751447718,0.031661803174582843,0.07307798186704567,2.315359070805481,2.3490736672489034,2.2308036888551563,2.0432073132104343,0,0,0,0,0,0,0,0,0,0.22931478901679986,0.1378197376362081,0.11221576989147344,0.13561386632202316,0.48782473153991057,3.0419577167219294,3.085808799079396,3.041558764828606,3.1060735953618033,0.20414736963135283,0.13059997851508465,0.10399941591334946,0.11733105913992434,0.4217635845350116,3.093429919478609,3.0520762296499755,3.086040530936338,3.1335148282510987,0.017019844332345147,0.013364639183749773,0.009651495563759176,0.010400420561042506,0.028208062664809776,0.05415692856378007,0.07823146569055688,0.08133818250815542,0.09285298608439163,0.006623734937746254,0.00407685517605477,0.003625087862833581,0.0037483162340608152,0.010816522377311105,0.06533189285347046,0.09363202910257626,0.10117056658941181,0.09951786478024703,0.8615384615384616
GRACIAS,0.14225530818772233,0.06893658123226555,0.08131367759336797,0.11742119672772479,0.22987695701867003,2.72698236455415,2.7318215135972275,2.687529855822834,2.6031958046819494,0.13338403809571417,0.07715151888414798,0.06439735165403361,0.06469096467379559,0.29113275773059416,2.1384685123593035,2.0135147272118776,1.8739792645664146,1.9750359221415623,0.028310017608348597,0.032618520383697044,0.03046744450518033,0.03305574993902071,0.1219035104491861,0.4067150763115628,0.26404200679711964,0.2805100174680268,0.35388603434019794,0.08416036998629638,0.05077559794908834,0.04049244793721819,0.04094681609832603,0.1823902738645074,1.3381390693367303,1.268482816158886,1.1904189582858398,1.2396496908595669,0.04572070302773794,0.003843613566975851,0.012732803718555008,0.04126837228652351,0.06589856238623404,1.7849173616468,1.6047767019496744,1.5688188326571266,1.3057648793572632,0,0,0,0,0,0,0,0,0,0.19102724210530583,0.13333544758007124,0.12163595686915689,0.18841866019711573,0.43265208731767857,3.125939438646511,3.1300870934496534,3.0175455794010393,3.0586680561029924,0.205765735063954,0.14680875759507567,0.09984561653201071,0.10599226091901631,0.42775409873888937,3.089789597098058,3.018576004101118,3.043995910027622,3.0445809471861263,0.01563122582727984,0.017238186346548424,0.012834693978964543,0.013708532957346864,0.030162079899486043,0.09095378573730796,0.10577724716653113,0.128147824801372,0.17955322283313468,0.013000344130367929,0.008196949204923318,0.006143866273924173,0.006541940199267964,0.025505561711061088,0.1605276719515879,0.1881024636715717,0.215645948506867,0.1898638459211941,0.9846153846153847
GRACIAS,0.10781703164015502,0.058378897943436224,0.08590112905137515,0.12348676408472475,0.17422458545729805,2.6920049401799804,2.643014316253541,2.5921340388578815,2.5507583456852085,0.07280144420848775,0.03942336553205538,0.0286387781878088,0.030707386738196507,0.12613516002564246,1.1315020145617922,1.0397477681072276,0.935894297354475,0.808891134536651,0.04141727509452203,0.033170996590106736,0.041365946235611704,0.04886585650724712,0.0693110979301389,0.2961569942666188,0.23558935520559893,0.3042415734416876,0.37082365064174855,0.08980070306154721,0.05095053459107946,0.03678708855773272,0.04092327998515682,0.16194649331749036,1.3695077122814052,1.2735947824720517,1.203561195073357,1.1413949299764705,0.05909060265749978,0.009423143664788847,0.02448512944764998,0.01468290807892418,0.036286358312687055,1.8552287527808424,1.93730331922395,1.791608956375347,1.4597020759588641,0,0,0,0,0,0,0,0,0,0.20215147604840672,0.1233738204881446,0.15058515363137606,0.2105664904970964,0.3148338966402452,3.099464561369092,3.1271944624650425,3.050537935673167,3.012823379303737,0.2466000978138807,0.13624436535672954,0.09700651094506212,0.14737951470611424,0.41171334927327824,3.0637419589669017,3.0271151821531737,3.0311226815572487,3.057129297495032,0.018074097373843776,0.016993026561524165,0.013181717685752594,0.023031116073613817,0.03775877489682964,0.10796721423763356,0.11232524292118072,0.12156268965532391,0.14965613842905265,0.02695355449086303,0.01636853272513908,0.009009893598100342,0.012199441956637367,0.028367051481889574,0.26820532463624874,0.2836433595808007,0.27982456184453497,0.29929216219558796,0.8307692307692308
GRACIAS,0.147699498551201,0.05679508637252658,0.06109094718602934,0.10105711806090625,0.18567406418280352,2.7352040963557096,2.710162995461508,2.6254253122574442,2.52664974083603,0.16752711519423388,0.11870584346489027,0.07999645609434985,0.057556066748247384,0.3573295903699617,2.430962250761194,2.0645250914111184,2.0419190028684335,2.1346511033754396,0.04362453812276317,0.032176397802716236,0.019079375669532404,0.02957284035851175,0.09237193016421114,0.19168477978191548,0.40851879072969316,0.6392706511261484,0.7076508844027847,0.06797150464276144,0.0483339317405473,0.03270536167638587,0.024125706926805036,0.14438137415815205,0.9833908971894808,0.8509483298856011,0.8584070626003029,0.8969796074868864,0.05365913047687498,0.010993510624110673,0.014868944188121768,0.040716599670254684,0.08490565280997399,2.3018602261047794,1.6113591783068355,0.786511153828499,0.603368938343075,0,0,0,0,0,0,0,0,0,0.20910983878128567,0.1600201246818715,0.104340724883113,0.16767153959041395,0.39507190706734985,2.9946775448568252,3.070530593205491,3.1217401925207064,3.0840596552161936,0.21054544256791644,0.14670676586079281,0.10351584593184049,0.08127133153370937,0.4367406925906273,2.9600123479431697,2.8012577737205318,2.7254960610422914,2.921721653725858,0.015758337129319747,0.014383281689525646,0.013209782083850576,0.016805687996815227,0.02463364229439877,0.10079529274452022,0.11081928950739892,0.14742114490532274,0.14871154066957099,0.0077779595818305005,0.005612747770778998,0.0056872450169678755,0.005387539181842488,0.01367128099023943,0.09497218754635384,0.12920007376922607,0.13165991548391281,0.13361869045614863,0.7692307692307693
HOLA,0.1579599397722883,0.04921027221592787,0.05137654912988308,0.07410758858705481,0.22377242324832505,3.0000177497035896,2.998058817872078,3.0628870301571887,2.989960070861651,0.009003587952255372,0.0015881552635667335,0.0008641450576873061,0.0031049361858200702,0.007604488733506795,0.2017989811173649,0.20085874635786657,0.20149347644397303,0.19831864997478627,0.03301719151718119,0.03791535498663978,0.036493341048346534,0.06306794398419625,0.11326822187095209,0.06552282498178492,0.08448991078023645,0.03874916929349106,0.10765433062891099,0.034204601371831796,0.006110769317327011,0.003273569923775976,0.011812068140249174,0.02897346369818553,0.7640187443023861,0.7604506130061023,0.762851432017618,0.7508555280101243,0.059574732921417045,0.010349641268681133,0.005951981650710054,0.02212733340984831,0.05368785392080093,2.7977731693887513,2.7772061256582536,2.944917746138098,2.561232811979276,0,0,0,0,0,0,0,0,0,0.2206345146587582,0.14525772162853348,0.12769448913847728,0.2222274299560471,0.46400386906402064,3.118226221668627,3.1085961541322895,3.129045645912169,3.1230138475593883,0.15331368500344802,0.029702019781283163,0.013877080786065163,0.05391300263006856,0.1333064309065221,3.1217227278975064,3.0950266482796795,3.1104127139265434,3.0749851726575717,0.01485920763539986,0.00830456872919542,0.006306468311647414,0.01210892059853484,0.02196748954695364,0.041155484139355075,0.05025284423438075,0.03235947774374168,0.0493918583789491,0.0068139415557088015,0.0015357749236336708,0.0006167591460473406,0.002396133450225269,0.006445290118257949,0.13874323235100028,0.1375567399235413,0.1384473186603066,0.13814245520079754,0.7076923076923077
HOLA,0.16518146770839334,0.05304380439486822,0.05558099871211704,0.07698185990721092,0.24486957571347334,3.041167184312787,3.0414642414949844,3.0477366882058314,2.9956967241876997,0.0063394495092676355,0.00239445096853915,0.0028738629616676466,0.00521796305979924,0.01064962046170881,0.13883075805201775,0.13809088387876445,0.14180520350903628,0.1368798201761361,0.01917062609707973,0.020387500286876446,0.027107072430636637,0.05250483814984717,0.06162718484506892,0.06221207154362332,0.07825379028186358,0.11428458802994042,0.1793617134377654,0.030578418967689158,0.013314948465751951,0.014162166213303342,0.024585560260896873,0.054927416652502226,0.628993070269629,0.6253914287605141,0.6420549511997226,0.6198098797443801,0.11166002196096733,0.012369314901295057,0.014357888547343345,0.02650860713733824,0.10631996848772939,2.903379793957776,2.73042515434027,2.3654215592975834,2.033621389087547,0,0,0,0,0,0,0,0,0,0.21154526281730618,0.11355428229034956,0.1279973845522221,0.17284362143949233,0.40468270060792755,3.1344168835342368,3.1289233058414503,3.1398305291259674,3.1287121135951534,0.18518803446965731,0.08732333511502426,0.08771094484807451,0.1437347213748217,0.3509445010374011,3.090159257776069,3.0342077416090074,3.060062846502659,2.9829490177798856,0.012664425111715111,0.009710307189822737,0.01171738707783245,0.010596548114364026,0.0329054765703655,0.03271593561457985,0.047991597853363474,0.06197380083164118,0.0721534253246762,0.008818477831888443,0.004158254053096393,0.00417671165943212,0.0068445105416581765,0.01671164290654291,0.14715044084647946,0.14448608293376225,0.14571727840488852,0.1420451913228517,0.6615384615384615
HOLA,0.1305094166432779,0.05217723646976184,0.05638650924203649,0.0707429420549789,0.22970368170704844,2.8878564545807177,2.8550834490264707,2.8492965058937862,2.8202418030349348,0.010171498517704141,0.002721273891251579,0.0036920375297575256,0.0070241699355358,0.009971409131915998,0.3578981817572492,0.35097855208596196,0.3422647630971024,0.3436652836934413,0.051012771324911936,0.02318952250501396,0.022992136538969043,0.03507796732418964,0.07306931343553086,0.34378420932935627,0.348831936907723,0.35967089102176225,0.33737125688752384,0.02803585850373098,0.007448990582131672,0.010035566556935846,0.019096507383069786,0.02794498273168374,0.9660655128852956,0.9474729660303448,0.9239615187101038,0.9276786272369861,0.030906298454811208,0.017789271204046338,0.015145673266125268,0.03230996450245294,0.05221803615913526,0.5419808643898884,0.5574648032516231,0.7056600402556255,0.966362659598184,0,0,0,0,0,0,0,0,0,0.22631331702025737,0.13351530793153557,0.13158990885057856,0.15832842095885588,0.3964339302527712,3.112869852392916,3.1057569770227933,3.1070052759524853,3.099673322499033,0.10833692751828301,0.028699064372666557,0.03487170496750559,0.07085578652152295,0.1091722743314934,2.991083279181141,2.9648435935433595,2.9107770979823306,2.9043938629624484,0.022812946945959735,0.014748361422788415,0.011173661773541958,0.018125128203776337,0.03895339222703917,0.16531343050767483,0.19303337040099783,0.19971400136994508,0.21401571589187673,0.004272973425060721,0.0013834266187164879,0.0016132743240440646,0.0025744368484828333,0.004195353240210839,0.10565037721453346,0.10630050408907449,0.10630030206979357,0.10460067325041111,0.8923076923076924
HOLA,0.14678275639176736,0.039688630922288116,0.05846384373630913,0.08553434174018176,0.19966574154724753,2.932129133524023,2.9079868704552445,2.876123518446135,2.7502273172354834,0,0,0,0,0,0,0,0,0,0.02812331154653241,0.015816342004687314,0.020559091187674183,0.026098563758206874,0.07742345421763812,0.10833595178371669,0.187008651161981,0.23022672579027373,0.226026074197857,0,0,0,0,0,0,0,0,0,0.09222797577018789,0.010606666490896756,0.02213726828764987,0.04585225361830815,0.08820083606709933,2.5176489532064714,2.3474109254741284,2.250049218301758,1.9824535243375534,0,0,0,0,0,0,0,0,0,0.23071533571346492,0.0657467374922194,0.09911609598734775,0.13093301209602234,0.3889216989566029,3.0996994809086846,3.1224761591540093,3.115708537617481,2.9990422996701294,0,0,0,0,0,0,0,0,0,0.011578228069271057,0.008685955035034073,0.010279310623125952,0.014290840681034367,0.033606308044459854,0.08630639820692844,0.15726929238285647,0.20622797844354313,0.16891535211340844,0,0,0,0,0,0,0,0,0,0.6923076923076923
HOLA,0.11728530336589403,0.03694064088548061,0.051026341644209175,0.07846376805977731,0.1714173963438723,2.906719468973302,2.8823802833567673,2.84642964414454,2.686300254356803,0.0020602379469875382,0.0006133256834016692,0.0009053408133238174,0.0010991606922407682,0.003294022761569605,0.0502530551001027,0.04930848159122075,0.0491496573432581,0.043495077374748815,0.03392561996768147,0.018075341976931777,0.018313150384749063,0.02762399084751067,0.0790158680847824,0.26180244234396743,0.3618769003185009,0.4305275032546788,0.41519104047238065,0.015690304748347966,0.004670949244786037,0.006894870217752486,0.008370958438989993,0.02508652995766535,0.38271586551885955,0.3755222079934043,0.37431263855721175,0.33124864050808184,0.03132343715717302,0.013482014650850756,0.0163095404875635,0.022081126552243212,0.043687014539058135,1.6654705674542063,1.1012243303673557,0.7334626167486357,0.635090207580344,0,0,0,0,0,0,0,0,0,0.17417241476625794,0.0797122121001866,0.09381776997702657,0.13530386452736295,0.3786092484300058,3.088064453713134,3.0603667445837335,3.095307100413946,2.9877335834014787,0.12155403887226475,0.03618621532069848,0.05341510798610523,0.06485048084220532,0.1943473429326067,2.9649302509060593,2.909200413882024,2.899829783252228,2.56620956511018,0.009489450755487495,0.005246181779816433,0.007333984823857519,0.009807204704115963,0.022984766410153196,0.11199268630823415,0.14258759423982592,0.17139995541228273,0.17475521424315882,0.004191518581802233,0.0012478005282999477,0.001841900275382939,0.002236223477317425,0.006701632514917472,0.10223897416917446,0.10031725565110428,0.09999413045697338,0.08848998500379932,0.9076923076923077
HOLA,0.14678275639176736,0.039688630922288116,0.05846384373630913,0.08553434174018176,0.19966574154724753,2.932129133524023,2.9079868704552445,2.876123518446135,2.7502273172354834,0,0,0,0,0,0,0,0,0,0.02812331154653241,0.015816342004687314,0.020559091187674183,0.026098563758206874,0.07742345421763812,0.10833595178371669,0.187008651161981,0.23022672579027373,0.226026074197857,0,0,0,0,0,0,0,0,0,0.09222797577018789,0.010606666490896756,0.02213726828764987,0.04585225361830815,0.08820083606709933,2.5176489532064714,2.3474109254741284,2.250049218301758,1.9824535243375534,0,0,0,0,0,0,0,0,0,0.23071533571346492,0.0657467374922194,0.09911609598734775,0.13093301209602234,0.3889216989566029,3.0996994809086846,3.1224761591540093,3.115708537617481,2.9990422996701294,0,0,0,0,0,0,0,0,0,0.011578228069271057,0.008685955035034073,0.010279310623125952,0.014290840681034367,0.033606308044459854,0.08630639820692844,0.15726929238285647,0.20622797844354313,0.16891535211340844,0,0,0,0,0,0,0,0,0,0.6923076923076923
ME_AYUDAS,0.20942371227558107,0.06812932270201198,0.05423240929179292,0.04815731906914836,0.24660733227126522,2.256543802671852,2.0002811713440027,1.8729960989828578,2.0226423823126174,0.02501881333767856,0.007067999759678671,0.007507574440727012,0.005989358807484261,0.04026117072462233,0.10725770583494308,0.045817676946107694,0.07162121629018012,0.12281610227028662,0.10108876752444623,0.042563786729667936,0.015692557930569798,0.013170204158776436,0.0760251776227859,1.0293072766622458,1.038211169606805,0.9864508350909066,0.9172308090294715,0.05255068623993879,0.014666354085443645,0.01549675677935833,0.012322833479682448,0.08336410639852283,0.22148982722595265,0.09578113833823072,0.1504360367614525,0.2552580874163695,0.0499074096495529,0.020944003992015812,0.032146659424092026,0.0308386561090169,0.14929533781279308,0.2535844389197456,0.08454130530003069,0.06318509531958902,0.3342814058249652,0,0,0,0,0,0,0,0,0,0.41707298885888394,0.21412842256051634,0.09569473407988062,0.11087928433627743,0.46773998987980325,3.111018840863429,3.035661625132507,2.882345481101325,2.880051884876601,0.15108758071562525,0.04656948189763785,0.04660569093011205,0.03650830276449791,0.23555622799293005,0.6405818950485923,0.3095495861186548,0.4890678055163611,0.8162041542632582,0.029268319430373585,0.030631815034338122,0.009881105903644122,0.009229704859352705,0.025764430549978127,0.39130098159580806,0.3823960811065723,0.4172223453549039,0.3737649137794382,0.009134558386779894,0.0021066875292919695,0.002066471160285797,0.001604645568065336,0.01223673680173872,0.035176118380729676,0.013646434411203421,0.020917462410661312,0.03680098084245433,0.8
ME_AYUDAS,0.18294577034256423,0.06851105706929458,0.060557889776873784,0.047014041183586236,0.24892481172897202,1.8465884778751507,1.4853761331052608,1.3945461687163843,1.6666133269525307,0.027311973091470047,0.008708360356686175,0.00932997225307556,0.00758607061336881,0.04132381648149097,0.29098079192788395,0.2215038188116372,0.20235555675658806,0.25935967818321964,0.06239293600559702,0.04864041422612341,0.04653981704536643,0.01798276336376406,0.05828569519553435,1.1770534759727211,1.077452663985127,0.9347608424935681,0.9110949341610168,0.06017016019881513,0.017811879029427657,0.019195522431170738,0.016011260833091685,0.0823303565962862,0.7339554298773274,0.6489330877228435,0.574160638420156,0.6055975528284293,0.041239602013650484,0.024463721450543367,0.029955249363660213,0.03020986823969037,0.1032969137087033,0.12148175305322756,0.05569577031598567,0.06066879740317845,0.3521453337390794,0,0,0,0,0,0,0,0,0,0.37235249281609534,0.3003269541530274,0.37526234628681415,0.1375394691775401,0.3556892112066648,2.9811875331694755,2.882068267111286,2.8023027423021722,2.7920292904722657,0.30779252761198794,0.06763057987267669,0.08010084322301458,0.07228755085107098,0.300652644465878,2.9532374437133466,2.7960791479749982,2.5062434568320695,2.569516710719762,0.028596721898157977,0.02863375760903301,0.018283440990910463,0.00969603755322527,0.023057582758807395,0.3510109274403682,0.2701899513908911,0.3018219375313408,0.37116014780519235,0.02048470074265092,0.007381241487842239,0.007896549075871031,0.006817119539121978,0.025618976290743053,0.35699052328527314,0.3044573251590258,0.2894104388089373,0.2642022197964882,0.8153846153846154
ME_AYUDAS,0.21632903217353386,0.05916934211670273,0.0630032674783302,0.05002203254839357,0.24837513393940788,2.517098514023938,2.32352524307782,2.194158619592053,2.3375945332202557,0.046686331923612816,0.014493801568407362,0.01475921573045704,0.015148383553745608,0.07674647092233909,0.09819916741237664,0.04988182443312402,0.12961561503435592,0.24632497954687899,0.11323579137748999,0.029165598902318127,0.02020905733735487,0.01767355056579228,0.1066498980465557,0.8082364616893887,0.7811987840809277,0.8167256065897269,0.738428316598292,0.0708138633430019,0.021991035182342383,0.0228195723176668,0.02596909435656655,0.11678852928849517,0.16649766279260725,0.08068803079500575,0.1997348014006082,0.3836040265035677,0.08697519776403327,0.014684640118450715,0.01902263145888466,0.026595254579570668,0.09441257222501148,0.2266700842084536,0.16373621907107389,0.20966698897524377,0.2830524507910754,0,0,0,0,0,0,0,0,0,0.4412114993893987,0.17875968246518106,0.14468764240170232,0.11913980133318813,0.47791671335143876,3.05517314887732,2.9828220077283243,3.013238759980191,3.061355144808515,0.164441937078049,0.052312415538494694,0.0777448171714978,0.10534112463075788,0.3015332833744605,0.6326687485927815,0.2526772338096496,0.5385605857698272,1.1332466416153772,0.02616219427694173,0.01790819829183079,0.0142598510076991,0.011855281325276442,0.030591482070128854,0.2850250867160043,0.3281721693097284,0.38291084752091753,0.30916757427090397,0.0069105393632239555,0.0021557227560810802,0.0030395511477236343,0.0046385805251511,0.01155789207398262,0.02953452016834163,0.016135806325935725,0.027989773065328065,0.054316299869023574,0.8615384615384616
ME_AYUDAS,0.21213498584437707,0.07036680200313988,0.06895637165989855,0.05695158878476768,0.3436895264442443,2.510826745509752,2.2177795901448705,1.9457286569115075,1.792319799098833,0.049600025705447956,0.013029758216211634,0.014141312342543942,0.019090892064159065,0.08630286095982906,0.2974502175282241,0.2578541365980164,0.2559259241978604,0.6718688790153842,0.04970877485866918,0.027345276551273758,0.022388129037470533,0.019122987545564112,0.09017348386674727,0.40183859812103057,0.587909074458749,0.7438522990377302,0.837894884310618,0.0688861294609617,0.02043277873829853,0.018840419537362065,0.025699177629849995,0.11642953881730314,0.4751318733320375,0.5898769554110368,0.6173561581855538,0.9534552855585421,0.0806812434579406,0.03779748182832578,0.03990252096487192,0.03275114943067555,0.15405071736172712,1.6439820519910051,0.4212909633133722,0.5348411405074421,0.44507219130323167,0,0,0,0,0,0,0,0,0,0.359915182957882,0.16129569232500754,0.10751522660934165,0.10208728883212276,0.5205857149366033,3.003792710049481,2.8607180479798,2.8321225810339192,2.754970901151114,0.2136179694908096,0.09961765240423094,0.05213523262808295,0.0717644859383959,0.3714449878604997,2.1141987700644433,2.7435194711389834,2.7884504377219366,2.81266144389014,0.026657453995747482,0.00865911618733841,0.006754028304837619,0.005485934844641106,0.029360795800878834,0.13790373916042883,0.22893835883239144,0.229159835462124,0.25287530191612817,0.023349389681149232,0.007414350881184208,0.00574093318572114,0.0071095756065363445,0.03563850953160122,0.17934594395380432,0.21996666225191291,0.2629962094242247,0.2585899732911035,0.7846153846153846
ME_AYUDAS,0.2317751837508451,0.07536538527579836,0.06285168549108464,0.04904496421779789,0.3468834580497923,2.4283066124508856,2.108602925070369,1.8834029955082872,1.8126824456831596,0.11238568325791828,0.0352718816389432,0.037205463257689864,0.09241700156752149,0.2288133246956277,0.4762921593297991,0.3044701487030521,0.3535874260022228,1.6138168969234394,0.06978633002971177,0.036081643871368606,0.015040040656544696,0.016365630530726292,0.10424371928193239,0.7525651104382731,0.7910541462000105,0.7132067808313776,0.6335634398314242,0.059915179019273734,0.019465759023058044,0.018863527025570315,0.07317321855627096,0.12116875870180192,0.511362862121661,0.4682009042702514,0.3907290793906656,1.1498571747722637,0.03456505083023929,0.03358310797471271,0.03135673433059817,0.03057220140127155,0.11700703902093498,0.5356194667902168,0.22584138172126467,0.33409611396662187,0.35598632722936707,0,0,0,0,0,0,0,0,0,0.32169816206785795,0.18880045783435342,0.09322836926968459,0.1320940820394816,0.4854262624210805,2.962850645048174,2.9166074227590517,2.7775979076671247,2.6381806858872876,0.30347978992153773,0.10473968543738166,0.0804140182959872,0.2064633216958876,0.4808144118259117,2.815489031031232,2.502489115541222,2.1943518538061038,2.8813085740590227,0.02746878406811838,0.015628487763296096,0.00753667063401497,0.009414405637413316,0.030192554231933556,0.2318799539757259,0.2303348489034591,0.24455663404406225,0.22903002302264083,0.02022229201028827,0.006662666250804393,0.0065918850338714296,0.02165809182627344,0.038593464307187186,0.24581449297197586,0.2200171829063925,0.1875134981211293,0.34054951835068487,0.7538461538461538
ME_AYUDAS,0.1607649261322264,0.05908295884141096,0.059802962481034,0.09116275739370196,0.31579009477263903,1.1354313383879,0.9318982155633804,0.7572748969087009,1.9038288454257044,0.037225199617739305,0.01766862781940857,0.01524911562004208,0.03621429872603776,0.08826459894866816,0.1701586776331735,0.15368237639875945,0.17205387758807403,0.5147014116146891,0.0715866483588389,0.03692376912783082,0.026387278142975135,0.05519390356211938,0.12598480402632659,1.0010020359495315,0.9333105109649636,0.6465505547661091,0.8215485818603209,0.0657466864901634,0.035744332732409456,0.027098931413203117,0.07852746764040429,0.16013312466633425,0.45393647851931895,0.4040919673089447,0.4569373911821662,1.0193299736431096,0.05499671942155602,0.02567186640902557,0.028497714307886148,0.018795316168007132,0.0636080372293838,0.0779299751646982,0.11830773111203007,0.07056775382410424,0.3762003467915559,0,0,0,0,0,0,0,0,0,0.35005539207258557,0.1962256910032877,0.11751135313404959,0.212602055484172,0.5375460896365307,3.049133728655438,3.0936823861585356,2.408935194073672,3.0159132226693277,0.17716649182500688,0.1885764821667721,0.08610814775915454,0.287122523206513,0.4508018906201903,2.285781132164437,2.360080758810479,2.257773357322076,2.940738082696243,0.020904453374036087,0.013529440303794901,0.011889437985508946,0.02051788135154696,0.033710439531686724,0.2602725538061549,0.31895094713169725,0.2545580601476752,0.3644898338568206,0.010679257926907632,0.00892346177709359,0.005154544815894844,0.013935072458267203,0.029844618417651136,0.10337293696632725,0.12576831409182565,0.2073915867473113,0.23527902673259316,0.7384615384615385
ME_AYUDAS,0.1253363396667036,0.04874417653792503,0.043703610999660865,0.04339295059863067,0.20859044195892595,1.166169189451492,0.9584844382138176,0.8801331157104153,1.2445501776478236,0.03229054190507003,0.009704464276618396,0.011284686206573068,0.016210249437580905,0.0557218048721318,0.343673264065103,0.3605028696177074,0.3327614572985747,0.605846682566457,0.03451191873683561,0.03592578804825626,0.014777612973448963,0.016696162613041597,0.036224866187601755,0.9456664693702037,0.9368014734146605,0.911174171414039,0.9191545162865238,0.06183875352148381,0.017883833011713732,0.020363617875009392,0.030637954011281138,0.09914943241589629,0.8044258737203106,0.8329678767015968,0.768197155936241,1.114498973192113,0.07598002560618279,0.017411730438253392,0.026725648797738543,0.022461288656999978,0.1608506347597457,0.30864300763865304,0.040534349957485984,0.08757354584790207,0.26842991342927697,0,0,0,0,0,0,0,0,0,0.22671292528468528,0.16936207407335455,0.07632593864817121,0.1004674119359584,0.2849978625393517,3.125858986166274,3.0881463711846435,3.066907833052223,2.9906239732275766,0.2535341006819938,0.06498909972144994,0.054124624682647365,0.11103981578156646,0.2795216353758374,3.0287118948111456,2.8730266206060664,2.7474307596765652,2.8781466199687027,0.01548325876031123,0.01056041084110407,0.0042549524251919435,0.01064914678159451,0.014076833331008719,0.3227067813028959,0.36259662371886264,0.44695246473748496,0.4095964168557047,0.031124292065596748,0.007764056362301305,0.009673152718942158,0.01340018341181031,0.04160534476508725,0.32045536718426376,0.2878293418572759,0.3153512441974001,0.37144387244209026,0.7538461538461538
MUCHO_GUSTO,0.08518242179181813,0.049044302398606625,0.04662763026189485,0.04740749247139101,0.14044594929367707,1.8718888971793994,1.7302815673480587,1.773267708741718,1.9437017995980024,0.0714665287825313,0.03893346503103686,0.034327922328143086,0.0354146172318174,0.11943281890992727,1.7895236805851809,1.7883314707643263,1.730027651604093,1.6597497038621396,0.03692923658637733,0.019837579508297815,0.02040058838787376,0.02801536651400519,0.08236704991048367,1.0902314811584246,1.1356880186599385,1.06953193041823,0.8571080156272317,0.05729219905325743,0.03304018123964998,0.030560833240842043,0.03190543546441702,0.10101270902897193,1.373628435352401,1.3711523230030573,1.3252154450930693,1.2755786431267042,0.03727416552375949,0.019614110209212235,0.020205309797821747,0.01405905357932633,0.03868125862273328,0.27858123545210034,0.30464493603375453,0.40235294906739205,0.45506910400506934,0,0,0,0,0,0,0,0,0,0.180332467845449,0.11021094169136714,0.09534702432887139,0.11634540418683126,0.3203215490011762,3.1064447178747474,3.105426331793264,3.024404146413147,2.9008585380588965,0.138442239950585,0.0952817904151418,0.08394148083462233,0.08601566953330493,0.26833516375608163,3.0990842437049424,3.0745076673814875,2.9763027768997676,2.92952002545359,0.02180987053240218,0.009422963578430693,0.005568052314708838,0.007508333589601149,0.021910505443249524,0.30488832731947324,0.2336357208014935,0.23609168668480995,0.277418178278468,0.019813066314652676,0.010263496561662705,0.008070699881221263,0.008830603113930347,0.029699782072914037,0.3263887921763814,0.3415622774704908,0.3368335812130828,0.34243422257080025,0.6307692307692307
MUCHO_GUSTO,0.0950496017474367,0.047024752271324764,0.041526918342038845,0.03708190572917699,0.12049902116489314,2.0795227017885893,1.7245006874831024,1.7570727365001824,2.2186658520102593,0.070108590373421,0.04202788880403476,0.031180752525867102,0.029389935184091612,0.09802424055183102,1.8485263344826697,1.8380236048121665,1.8048201041822736,1.769077705782312,0.04618220323387302,0.028210712827170314,0.01153384158472158,0.018642733185079894,0.044026972899644023,0.8616110047214665,1.135519138490167,1.1515215500702882,0.8188679620641972,0.053211149124346276,0.03548389048124309,0.028037124952159233,0.02385779523103736,0.07228699760065312,1.2625089498151123,1.249737393349708,1.2373968931906931,1.2253514471574072,0.020900854333602427,0.02023638778752905,0.026874363586237227,0.017835558473518545,0.06046450033744104,0.6613210027593768,0.08217066113312878,0.05526758273767501,0.3719410988260199,0,0,0,0,0,0,0,0,0,0.22797218409126466,0.2068467515897626,0.07451764222279736,0.12900177177878733,0.23783932706937802,3.0255948351358795,2.989310117150437,2.9997060307517467,2.984792879759834,0.18346833995521555,0.1500250183462699,0.12181159299047192,0.09253352639425587,0.21037663407011684,3.103815159813173,3.108829164787467,3.0583062844778395,3.0003561565064016,0.01997051861341416,0.013638010153261854,0.005652713496118831,0.007978400275976412,0.015656273730130305,0.1939081444044217,0.08657514989516171,0.12345587721039991,0.1773067764999408,0.025808199135046235,0.021319194640789525,0.018058588384634994,0.014576971633346586,0.04205228188020605,0.5342704928814268,0.5056423494482245,0.5494630203922266,0.5667072847984382,0.7384615384615385
MUCHO_GUSTO,0.07903448534979415,0.04170533308906062,0.040311353084093136,0.03734346761611134,0.09921327644624706,1.968229687751069,1.7863140534847746,1.8923975508446393,2.138016923225521,0.06130318137135297,0.03157185546819321,0.02345000952198467,0.023900171190024005,0.08567555072019514,1.4441528448171195,1.3858001195655205,1.3909475954826458,1.3672238330560522,0.039342168606333584,0.016907035583969904,0.016531461503947274,0.015638726145273223,0.038615138612239475,1.1125189260944295,1.1313111355715655,1.0397827894293443,0.7795597055792788,0.0531962007543758,0.030170708457688048,0.020116556933604465,0.020276408283726153,0.07555687660539782,1.2705806100631798,1.303969453176868,1.311550246542022,1.2414983481534108,0.023924908652279746,0.022897008335054897,0.022127749098063212,0.026524792081331794,0.05453279267405639,0.41055643228023575,0.3272553069711385,0.36680736438078815,0.4384636304460695,0,0,0,0,0,0,0,0,0,0.13222780005181678,0.10027574330535864,0.12020050919833197,0.1282133230781889,0.1830630104970838,3.0563545202851774,3.05674096250355,3.046014946215818,2.9727608024135983,0.17059035249631505,0.10718624162816565,0.06551189623881348,0.05373691883813133,0.23322856098492997,3.108077652244728,3.0578903561357578,2.9819613006844565,2.928835781832345,0.00700821457464057,0.007884066847145767,0.005698183643043534,0.0079957399753241,0.00750498864084301,0.08751010229567237,0.092343928942597,0.11451883683526938,0.13719096400925523,0.014172369589376399,0.006391394171535433,0.004305826207927522,0.004032205642578909,0.023796151629156857,0.09744122651607362,0.08852777773101891,0.08781791418423368,0.09594078217378031,0.6923076923076923
MUCHO_GUSTO,0.0929602919987051,0.038018487017289763,0.04015181813807202,0.03530882791458587,0.10710520978695064,2.592250482555924,2.487848784191806,2.4515020786474118,2.4968734872355722,0.05978947577621245,0.03335630810980985,0.032300997468559176,0.032468000621004245,0.08104229897946644,1.852770566199531,1.7934455303859704,1.7437622517735814,1.6680410815267248,0.054337722031727216,0.0197562425593855,0.022123823569327607,0.024126968146148692,0.03500163664574043,0.29019710090255324,0.4025560236245503,0.4525751322088042,0.39885606938454315,0.04711680738734115,0.027588942500027257,0.024708528563249274,0.02474423543945508,0.06588611771478683,1.1718869885548788,1.1722740546127526,1.1576207858591985,1.0958632597415676,0.04515418122187138,0.010493299320465537,0.0036755442394292193,0.011300147535357534,0.04101754548276918,1.1340850076444398,0.7552901672386515,0.5469765234793744,0.5477924628656266,0,0,0,0,0,0,0,0,0,0.30158153260641357,0.11718536796825808,0.15676218366326258,0.15831290934828968,0.2046245137771494,3.0558531562483404,2.9929565037008334,3.083406746896607,2.930726410384657,0.17938009736898702,0.11602408521479692,0.09438080453419695,0.0903768695354569,0.3097748933161103,3.085689863065686,3.0053951698099217,2.950781590806619,2.902004581846815,0.021599112339666555,0.008057804892434035,0.009018321539104143,0.010061415782465265,0.018756222959270187,0.14520860691296747,0.2198932947162431,0.2562933870854361,0.22137415567274585,0.015842412798060347,0.011378392596905889,0.008729279832394247,0.008093823377012126,0.020643006193860617,0.2656526317890271,0.2507077252954081,0.25506350585078497,0.22011374250574647,0.9076923076923077
MUCHO_GUSTO,0.08198853805139147,0.038851548155611246,0.04057894406409488,0.03662131731280518,0.10480706220852488,2.599731321129256,2.3689557142493767,2.232424726598859,2.3239199777685715,0.054915285764111414,0.028488687603863264,0.030130808889912864,0.029044105606256792,0.06584263386717706,1.6209463946978953,1.5916715926561584,1.515484634337607,1.4744328477941575,0.029203962485155693,0.01608132345768691,0.017816069982506698,0.016310435703273802,0.04171581451336402,0.3309332971637744,0.5352344787066822,0.6464036773774685,0.6011332389158488,0.04601200630603742,0.02913045772434181,0.026078877716425548,0.02465608739160329,0.059717562874880885,1.3223847488308458,1.324838129449707,1.261617439157588,1.2168601958185266,0.026526073395728093,0.006165445322606303,0.007972382683208747,0.00970389997496403,0.03291923929156218,1.224243613227107,0.4454845586443391,0.119974389639286,0.11490960353818466,0,0,0,0,0,0,0,0,0,0.1500292871613742,0.089987180992388,0.10189614896136151,0.09161883860646665,0.2181825136713968,3.064305269273963,3.1059494477729848,2.96541064116146,2.887557414931984,0.1335131558001824,0.1026170174661943,0.08188899424934637,0.07054481785833985,0.1911142999512393,2.9592724145175864,3.013292829780288,3.081308174756512,2.9330275951868776,0.01690633310503194,0.011198832874161811,0.010051942111358856,0.008680849491883504,0.02128867774911057,0.1687570951621454,0.24179513643687323,0.3107336757840792,0.23778281923330985,0.015083971667157232,0.009546197057398568,0.008231469951008942,0.00746617933304192,0.01652512564945063,0.3248578682019388,0.3594722094089629,0.36228037913980804,0.36034144055370565,0.9384615384615385
MUCHO_GUSTO,0.08072316482232343,0.0330910660182479,0.036773587048196464,0.03239677237297232,0.10458296451291794,2.5037376963396403,2.3717384362801837,2.377989723846069,2.451138560253257,0.04729086169272691,0.023514266083426282,0.025492839575674376,0.0269168438015076,0.06613995538220917,1.5559974973911894,1.3870994605973566,1.32454448970722,1.3095495240399475,0.026142611322362685,0.009981198701367437,0.012237793006897627,0.014054670072431098,0.03523111919619718,0.38039442151080405,0.4180687772495035,0.4227769402560415,0.38677895598235496,0.0444769668053552,0.020346384966975873,0.022476401589524565,0.023021905918498002,0.06032230281119928,1.2515517134337595,1.1917609568096716,1.1247506084525958,1.1279047101972686,0.025415749245772192,0.01196545805901125,0.013323173878738609,0.015769116075880312,0.024177069202816082,0.8667196819649208,0.9388041227896112,0.964676370748647,1.0195544456096282,0,0,0,0,0,0,0,0,0,0.13762079616661688,0.06157436809815784,0.07494750990681692,0.07531763977912186,0.21216064540969204,3.024595303014114,3.0118420367248055,2.9681655511805256,2.9890048904878075,0.1777161408528068,0.08033734550504473,0.09403860896529416,0.07798813799053657,0.21388500474855796,3.091468567647699,2.9628850067713475,2.9228304400531258,2.996734180393368,0.01529044284025703,0.007124291090721417,0.0072454705949965585,0.007838175942151181,0.02076876751876853,0.1671725114144605,0.1579134514502872,0.17730978083520715,0.1884706482585525,0.013735104363495537,0.006142954449244744,0.007072319897166611,0.008764281822031834,0.02172579010554116,0.25311248249529666,0.3174850723791325,0.33065980387110433,0.3441451221814718,0.8769230769230769
MUCHO_GUSTO,0.08086649960112824,0.03711404669175633,0.0342273389940617,0.03352746066728974,0.09830306888767282,2.625609678953688,2.5112790819073663,2.4804262790213336,2.542360204860744,0.048006265701400715,0.0167007866673559,0.022516266089915502,0.016936074875111708,0.05345900218409674,1.3157607667230633,1.214734891640119,1.0758264339322328,1.0814115839428913,0.0402418053998121,0.0168121489824534,0.010992704709827621,0.015743332975820593,0.04605716554671617,0.20682786750503493,0.2726391904450082,0.26846421541635046,0.2478682997618316,0.05656108750324236,0.01763830212327732,0.025660422545832413,0.018076900429979278,0.05856955132511987,1.322072472067868,1.2362119524003747,1.1217768128453856,1.1242331011877436,0.04480416238607637,0.009829268054550254,0.019033478479562552,0.01670729211257184,0.026541345164752768,2.2821375225416527,2.0905725718270034,1.8614507362876047,1.575417549601215,0,0,0,0,0,0,0,0,0,0.24856862903898116,0.11859375824543945,0.07269293048776636,0.10545235073875275,0.25218596450083186,3.0292311413816604,3.0453615709557766,2.9758741549298184,2.9216713742788865,0.2317461272390514,0.055455582221447065,0.12112986417538639,0.06375196069361107,0.19412082391891802,2.9367847900795376,2.9049344180674836,3.043938963628877,2.8703885026165055,0.015416458058494575,0.0073978436908894215,0.00549616960696269,0.007833827755026928,0.02195979354945575,0.10815946347867521,0.14285134878916564,0.1650440266061114,0.16898490245820771,0.017981886099418243,0.00638351196485508,0.007857327911930726,0.006230319751617609,0.019270971921810768,0.3239631313180676,0.33739999034821044,0.32465335997246336,0.2940584149080715,0.9538461538461539
QUE_HACES,0.09409806702395215,0.07553740243555519,0.0675615276291456,0.05247001596308533,0.1626723320986264,2.2203266956178482,2.0102154106346894,1.78048155379888,1.8646016825116654,0.032195271520014314,0.02945128093191353,0.029373831984410046,0.02311445497867933,0.0699713992115071,1.0843552436396275,0.8890205452844324,0.7662136203265993,0.8321972263924869,0.04587902705970692,0.0615882714527675,0.038761319143435204,0.01734491597917888,0.06253099003021557,0.6241466296750051,0.6716547518124774,0.6493600243476358,0.5798485342590411,0.043319878467485626,0.049197970356280186,0.03797608708250069,0.023296627556835245,0.08017810800026254,1.1461911496478376,0.9795683997840942,0.8504847301383055,0.8874104470535646,0.030590728440326398,0.01804210164389234,0.015228170208165664,0.02186708048275584,0.05459099627291105,1.0216297811354227,0.3562917233602549,0.3829483633486928,0.46285334916983933,0,0,0,0,0,0,0,0,0,0.24747049864190276,0.2251961090506633,0.20264018331401595,0.09510558763778901,0.31974640013646305,3.084937526296076,3.1075780760322362,3.049807376651209,2.986326233645901,0.1577542683174607,0.21417536117830108,0.172726543631,0.08143641561309498,0.24694683208317583,3.123047413710484,2.9604725091434014,2.8919804857970037,2.884770660530155,0.018761000747535575,0.033625203925406216,0.017492490175270027,0.011073040149265674,0.03187810575987059,0.2866132513965958,0.3462669168233141,0.31164078901646675,0.3347487649856574,0.0198186427979792,0.020482306473468107,0.018231403560978406,0.01093204952589421,0.03781534202334947,0.5797452523450759,0.5558454945400193,0.4497406977222215,0.48027523518683274,0.8153846153846154
QUE_HACES,0.07833951788445148,0.09534132176526447,0.06161075643425258,0.047426738363068426,0.16617059401734072,1.9819878874917294,1.7871466204242392,1.5464689677946102,1.8825091921989006,0.0687089318029084,0.061023727472554044,0.04158402867473795,0.03702702381091866,0.12476890703174247,1.535891124132175,1.2714922528519264,1.1281642374371006,1.2794384966992092,0.05088781143454977,0.07915317507875495,0.044377031646501065,0.018508502333563943,0.06671373215997982,0.7296453132466938,0.597781826692687,0.4789209007918897,0.4759655716271992,0.06734654767309259,0.06736543954291181,0.030463159592626184,0.023641162072313184,0.09650305688658471,0.9261016293594444,0.7472477553128883,0.719889921563628,0.7800668796981451,0.013915571469954093,0.009534671797769763,0.004121928986471121,0.009399779883632794,0.031977727326640185,0.7855307368006125,0.22468495356724563,0.573310956979675,0.7996359457551367,0,0,0,0,0,0,0,0,0,0.20279441519991562,0.2917873667584394,0.2638500642556643,0.10555672968602858,0.27375433308165886,3.0120829357401933,2.9556469905866214,3.029125669048821,2.994828960256309,0.23000854686101654,0.22090197636271125,0.11923166699707283,0.0779579827323258,0.3208782581829051,3.122045886289401,2.322540625345712,2.3584994501338636,3.058443078110903,0.013282541880730098,0.029863690977251004,0.015499986829612268,0.009900749116993044,0.0203028085811467,0.2713856556087866,0.277745448916532,0.28212909511425877,0.3649999681883175,0.026941626587169955,0.01984553447715377,0.012448007206781941,0.012906820572494053,0.04039387622216163,0.43531098323724676,0.3790159744758246,0.43025027680428257,0.5063238734719218,0.9384615384615385
QUE_HACES,0.08236881487582562,0.0894833252479305,0.059997780035852336,0.049352220458508525,0.16546447993110547,2.003895782534896,1.7536227594425235,1.600943471518004,1.8824781577846734,0.04638123084048224,0.03813924280506509,0.03713978308763387,0.030125333006221312,0.08893404554669398,1.6412216222768858,1.3692722775296744,1.1703618907242603,1.1876622452833483,0.05182889863913434,0.07540176015968658,0.03475895531986493,0.019181718670611823,0.06719085417652759,0.6656529445614882,0.5841151124348845,0.45703318449409347,0.43130226753565054,0.03831387931209146,0.043490839572108864,0.034731044062315884,0.02005929034380141,0.06693803289136806,1.0843056493313779,0.9636647289899931,0.8595790746821871,0.8342050241367607,0.014972207363729546,0.011595627600227922,0.008041146300822019,0.014864369044947198,0.008443030051503281,0.6843276757412337,0.7016935274452701,0.853663790087907,0.8925334737941251,0,0,0,0,0,0,0,0,0,0.19798201428325277,0.25198237162125675,0.17245840407018997,0.09297460655474386,0.27569244658097053,3.1086563281384487,2.9337382571844177,2.783617153400682,2.850813870157271,0.14133160333655698,0.20376397405119287,0.21107777327065816,0.07444402035816498,0.2354806809880439,3.073791382527725,3.0018244998562835,2.9530667833675555,2.938869459209221,0.012779499314274752,0.024585471668152697,0.009762926693754228,0.00692656013843769,0.017989084123179434,0.2296507612114108,0.19124695426721855,0.2109678215613389,0.2790296164603173,0.012479078365111144,0.0138570024203404,0.009664376142586122,0.004800020435881674,0.016180203691967543,0.24804567810867412,0.26965421607811224,0.22103240912775685,0.20652339612510498,0.8923076923076924
QUE_HACES,0.09038145826828864,0.07935208884794596,0.061937192245621275,0.04866628621708763,0.18717690251049826,2.3051778259322364,1.884763308643047,1.6639158401278065,1.5850064998526476,0.047434586128619796,0.044222667377101434,0.0277871162056889,0.02390908164847242,0.09998955405662148,1.2730720490088923,0.8443116810303755,0.8763560988169603,1.0636950722701217,0.030239427112451363,0.05354143554907292,0.04368194028255042,0.01799335208936676,0.07943768662366357,0.5422304755799537,0.7780984770483318,0.806239294879337,0.8438753154180882,0.04201789492607837,0.052739638756740446,0.025970295474995075,0.020293635133082896,0.09059053662268184,1.145076011880244,0.8441506565889432,0.8590874501093175,0.9884256823198568,0.026449740193052178,0.03238274185764082,0.023634041433256876,0.02528145740991302,0.0781094384847498,1.1058120352017258,0.5576220995310572,0.28192744334386505,0.18611498240853155,0,0,0,0,0,0,0,0,0,0.19378349890891577,0.22571390369855673,0.23464041950928807,0.12164615146201055,0.4817257901701164,3.0650681321696718,2.952275026350049,2.843360636143305,3.0291273199037287,0.12105392211504405,0.22718247170325756,0.10943611142999071,0.06494480182589246,0.28930588652516726,3.0964824008145566,2.939574161189799,3.0078218603304414,2.8053380963049688,0.019727025877492792,0.021078957672542878,0.02255170583401884,0.0093328919888963,0.025913498264610188,0.1758656527748571,0.280539726591446,0.3052154698607453,0.3479358763735294,0.013147915960024521,0.011971870016635822,0.006136731217069854,0.004077210046783608,0.02210576708871931,0.28926110098464114,0.17705690949029745,0.2090225719392459,0.22229390908551086,0.8461538461538461
QUE_HACES,0.09475209600808716,0.07003363157660786,0.04878747431143089,0.04304601979860815,0.165913785749091,2.2479356095574885,1.5595733508723104,1.2672753117734932,1.3175905471630063,0.041981886529393594,0.0394303952173312,0.02951505751489663,0.02802745823254725,0.08412055444614767,1.3435649742934417,1.0651684613672407,0.9807911684893452,1.1243035063430538,0.04099953762137352,0.04925095996193761,0.020413233413461445,0.014974812475356461,0.0641641068428395,0.5787204774251857,0.6598287559001758,0.6974899478923482,0.744579080605044,0.04315843777383203,0.04077704465755872,0.025756452305638087,0.023171335145001696,0.07542277600080008,1.126242762596829,0.9440634784840901,0.8801168280969505,0.9689381854183405,0.021943439351406573,0.012331997788434395,0.02263884493070784,0.01723256380802922,0.05632632741334369,1.0629827711479294,0.20961123746185453,0.2802408259444615,0.17599320998994938,0,0,0,0,0,0,0,0,0,0.22912298782269966,0.23920883198779178,0.11609842293342286,0.08819495983306178,0.3184068928742225,3.103636657812678,2.892464086834461,2.888355008707301,2.9383429938100427,0.16424055709681504,0.19137030264417826,0.12919007781298059,0.09024971941145164,0.273799900191248,3.116234885063857,3.1096973473231655,2.982986269016716,2.737911170080558,0.028239206577552405,0.023322548867483618,0.01237771094733881,0.009105055517971538,0.03751717711707119,0.2521768387111446,0.3672725119342195,0.3569108823160055,0.38752024287917086,0.032754629821475256,0.024960394675497318,0.018520775704684345,0.015269382292406366,0.05479538656369531,0.7814352899993556,0.637497286110363,0.47179170983563873,0.4616077541651031,0.9230769230769231
QUE_HACES,0.1084786431460364,0.07261996445439184,0.05638013665946541,0.052109223523960954,0.20473726777866227,2.2524092685209376,1.9201020712765524,1.5931116295659604,1.5249811089629062,0.0843151878420463,0.0772296372365374,0.059625785138138945,0.04460100984226311,0.13103677710536177,1.93405832302964,1.3923869911583708,1.0578796272930333,1.207372609479504,0.04233875674209772,0.04350964566637635,0.02704205224142834,0.020488934966864616,0.08010929977483212,0.5829169246273811,0.8428576815411601,0.8714520904779518,0.8387354430857952,0.056742158827230584,0.046853925572617035,0.02893861610728023,0.017328978992504282,0.05908916942588478,1.0066039796634654,0.7441381738792748,0.5601220375474764,0.6495523774003735,0.048340673685480305,0.022819040413445103,0.029193242057919865,0.02361006620828159,0.08479102080091927,1.2728178838931932,0.6536552369975744,0.17700509943028814,0.155050480639851,0,0,0,0,0,0,0,0,0,0.26292663621310175,0.19041643753541848,0.15566941841902987,0.12675322048842935,0.48738237537922907,3.108454202175047,3.100901515941553,3.0622236797358853,2.9655184036158397,0.1824223477131617,0.22024360455398312,0.11500978453531577,0.088759827174029,0.3299479008836445,3.1172744081660375,2.9536186797512984,2.295684508216202,2.281917163984062,0.020284469682639687,0.015913198234750535,0.009565394634713313,0.007421491109660328,0.03207025388347666,0.16245052010597621,0.21495343483578278,0.24531671443737835,0.2912589369200438,0.01855428052340691,0.016421148448693197,0.010111482011484678,0.006680421632392477,0.026656186715853895,0.24540007982733597,0.34678471698816044,0.295810998786231,0.2791989418661366,0.8153846153846154
QUE_HACES,0.09374251750311507,0.07263889198651852,0.05434803333234224,0.049937149579481706,0.16943027584719597,2.1387254436316736,1.8730479801021787,1.512043719500412,1.5621319814100205,0.11488941932405676,0.08492495435622165,0.0666208369411557,0.05397118132264806,0.16862981851456804,1.8973685912721736,1.046760514543809,0.9338704190412013,1.0392675258533488,0.03949365323816244,0.041200999575058614,0.027688344946805755,0.014964915450509,0.06200102699691401,0.5638914982053247,0.8056524958573142,0.707182430709726,0.7210661709690969,0.0628600551877244,0.0426696645008605,0.04081818669233161,0.02224225399699461,0.05787291625055869,0.8555631425165893,0.7232564150341149,0.46878603529676033,0.5845638735253309,0.026861882243161755,0.025995564986395034,0.01958028512973552,0.029610727396261808,0.0719812098443578,1.0757047953288918,0.6872734944576746,0.4091509752598225,0.4191482056701768,0,0,0,0,0,0,0,0,0,0.1648865962436049,0.17001301088519094,0.1414982862136714,0.11312354483197248,0.35524946040497435,3.1282254788565385,2.9590234443286456,2.5648549135916987,2.7370151955095148,0.2306111034209884,0.15012352690372716,0.21886879929134914,0.10558126254136496,0.339356729686291,3.080923101374714,3.0345247330393814,2.1893884758868936,2.242381501419656,0.014590481911664434,0.010361410744958754,0.008843486085842553,0.005317898079281163,0.017715973164444863,0.14558711926153955,0.2238793197342023,0.19102167110506454,0.18572518281988276,0.015436926869692148,0.011387024442391251,0.011543553527745904,0.005637479275233883,0.02259549194558315,0.19040773100618036,0.2779790702446724,0.2030174151309058,0.2148595307434641,0.8923076923076924
QUIERES_COMER,0.13186767839614577,0.03893701432620475,0.03454031708166868,0.04868131986670463,0.15161563626095725,2.760757248897939,2.641638433626128,2.6207773766011444,2.620565025869934,0.0573915317175996,0.016800742344878068,0.01857346340448575,0.032905862644634416,0.06609827796533448,1.304372858330048,1.2911532111546065,1.2733362465597369,1.2414818285994875,0.07365998070738952,0.012748619820668314,0.00975938544237295,0.02571937325293018,0.06904009114026191,0.5089403061297157,0.6054561432734266,0.6830709979710917,0.6469161685478154,0.06679870173273579,0.020127710662013437,0.022353828860992797,0.03866953690778909,0.07580617815340189,1.4528425614104754,1.4508244868260685,1.4478393168337944,1.3983118213496772,0.031846853892700776,0.013445218158107288,0.005068796554787334,0.00719510969033568,0.04616866996594306,1.422936491201125,1.0572324392810022,0.841736848004522,0.7918317192167932,0,0,0,0,0,0,0,0,0,0.3087066610893843,0.0743010748186013,0.05516353730054232,0.09549959147155636,0.3479752211249368,3.127025566223248,3.1320515835954628,3.131605176633022,3.092966625435642,0.20574636538402669,0.06616378925790008,0.07113112117069535,0.10833055128816824,0.19380284860635374,3.1071436790299996,3.129032677092847,3.1051267014921353,3.014890879591009,0.022761947454577217,0.007969350873118572,0.007506693376724712,0.010981159950975193,0.024832665868927312,0.10851655268878828,0.1168436679311279,0.11693423335359465,0.12261193004893144,0.014799642299845442,0.006456094348044694,0.006764080508435725,0.010581303519956621,0.01770664880077191,0.18626428019289556,0.16395914578893542,0.1367684976318619,0.14873610306562643,0.7538461538461538
QUIERES_COMER,0.10860919043661406,0.037019004344904675,0.03833033963074745,0.05047101326964138,0.12523331185163122,2.7908725646469055,2.7271806849097495,2.712814958147187,2.739162994894257,0.02630218567832847,0.011143099353828657,0.012051771553883362,0.015283794017888432,0.03314716556201146,0.6826644710522594,0.6841416934103777,0.6680743642146326,0.6395025216571378,0.06027945693256583,0.01712111332100001,0.01956236524570359,0.0329745560004007,0.0474088826630701,0.33756253692819027,0.4144420472523311,0.3861254082698827,0.30003032055883855,0.04831405887580269,0.021993714255440486,0.024271637932132353,0.028983572049026747,0.06172069799668732,1.2482919802729744,1.2499025572957414,1.2251575228987037,1.1684800281254701,0.024281483021938773,0.006510018866483262,0.005541766987428942,0.0035611741814039672,0.04862435334877656,1.7325816088734385,1.6085686327738047,1.974831542719107,2.0168168247100677,0,0,0,0,0,0,0,0,0,0.21536067845540804,0.10714571449387789,0.08893037163440388,0.1219623467782501,0.22187974329886156,3.1338461928663537,3.1282723524433975,3.1199764965549233,3.0633072460012225,0.13036624998950885,0.08262918638657246,0.11730658116990611,0.09643611160496142,0.1675268675632669,3.064981934570407,3.0590978193574747,3.042478546072285,2.944548234430242,0.02100204535386224,0.01014208977129229,0.010313465889876939,0.013918257666601486,0.02096618551620208,0.1610765367025315,0.1544864017318083,0.13059534036163611,0.12423103828185829,0.003269507176668059,0.0024507956709799083,0.0037773839749392405,0.004243932904387335,0.006968894190627426,0.06602573165455365,0.06490352357099732,0.08157558048860697,0.07505387710864057,0.8
QUIERES_COMER,0.13084839083591754,0.04493777827870799,0.042919620051997495,0.05742557371978484,0.16190822119925447,2.6650015134650995,2.591083882534487,2.5614789272191714,2.574022572669914,0.05105180905445824,0.015103229993322708,0.01813683110418412,0.025067848697570654,0.061487539054732164,1.094188584472028,1.0563821409647327,1.011664252892536,0.9679647166810684,0.06618881124839363,0.01495302355414102,0.014673598683320372,0.028462757435459958,0.06666721683817169,0.5509119133961597,0.6256209462398856,0.7106918571688255,0.5906612899605327,0.0653852104843615,0.019718534184191533,0.026388855893552613,0.03610810024462324,0.07903397790876496,1.3817387412205424,1.379182808421641,1.3514828614233354,1.270259696394573,0.036334768614774436,0.015978638980042873,0.0223880832195687,0.010998456950926586,0.0483022277301408,0.8650584598758515,0.5672732549894158,0.3542761865220964,0.8694098115885321,0,0,0,0,0,0,0,0,0,0.27654099567388374,0.08989405709328557,0.07724450050111968,0.10164787114905184,0.3285400064306326,3.1314577255495406,3.1276822189313007,3.1349254493972136,3.045135524990789,0.18519610135888792,0.06017489110085251,0.10291992157930838,0.11882967680514209,0.2233019886487201,3.091320994495521,3.1190716108091627,3.0766950622346227,2.9789226015493213,0.020651142668543735,0.009131139523790683,0.0077867380674306345,0.01171326102893076,0.02992834814080766,0.17436856105195508,0.20356781314616107,0.2448929186858282,0.2032309682891127,0.017181858323705907,0.006149928805022167,0.011695099058004832,0.011556627511240102,0.023971719739185465,0.36497460362774964,0.38842338076641014,0.26004046322330154,0.24984113962564558,0.7846153846153846
QUIERES_COMER,0.08600979060238866,0.03148653211903824,0.02871083642761466,0.037205349210718844,0.10459367437633839,2.8110134695349362,2.7965487066365786,2.737106882769429,2.5975086270143564,0.004885061536434227,0.0011366221291882438,0.0012493806223633278,0.0022828368175863483,0.0066239427566757055,0.11927647634289418,0.11810396506849227,0.11434942586697419,0.10868062654694118,0.029652489127261945,0.012651657386556294,0.013267372706275428,0.01971636160372478,0.03878387736325044,0.22645347686400472,0.2353909129007457,0.37355540869535786,0.4805040286406059,0.024736904063142492,0.005687263564334239,0.0062577456309908415,0.011419349412126136,0.033510341474937,0.5964141244386179,0.5905472213309868,0.571826830845966,0.5434805534435028,0.042607301456183376,0.00958829711226325,0.006177827696321171,0.009438331596878673,0.057469623473554096,2.382238271063061,2.229808844005006,1.1873814472781645,0.5718765576919808,0,0,0,0,0,0,0,0,0,0.20402105367508278,0.06688021000455986,0.09128197341201433,0.08159808519788767,0.21453034910880278,3.125515933820392,3.1175518517919003,3.127417200859405,3.0800884452977275,0.14696875276952573,0.03066020340051915,0.034361428934229804,0.06110490193396811,0.19823628036484356,3.1325639784858854,3.099707729008325,3.021765241907626,2.8724705346233894,0.013970736802492993,0.006097055847338214,0.006855524502485073,0.008315330139124442,0.017647383035010938,0.06554744067199536,0.07609594091662975,0.12968216238378966,0.15448729038029077,0.005763480500765715,0.0012023609176674177,0.0013475070170286198,0.0023962706640771802,0.007773971779013473,0.12284564621513276,0.12155716584346372,0.11850059772186769,0.11264590331856429,0.8
QUIERES_COMER,0.0982434037728826,0.027111697102759243,0.023335451189723477,0.04174011352625359,0.1147336450474555,2.9268078788345586,2.9056078516866943,2.8887187291907965,2.849283364462609,0.025043059618523843,0.0048346963062268645,0.004896126652543542,0.008637778926408513,0.029475836752923097,0.5573499935945408,0.5517417355889458,0.536716073412805,0.5183456949020179,0.03549910678360137,0.012109260206261064,0.008753268363468547,0.019650640878257457,0.03871795334852294,0.15326613172311135,0.17883866467130793,0.20035350730325727,0.20452650432915737,0.05279297299479692,0.010547190278584731,0.01043466988462554,0.018017748033476923,0.06372916171776946,1.160924350221545,1.151446463260778,1.120233383060323,1.0802739156606187,0.020650865845335122,0.003797244766079784,0.0023415033524514786,0.00587522642455167,0.04190977406661625,2.157671736605072,2.238222684878125,2.109149226709202,2.0306637713182596,0,0,0,0,0,0,0,0,0,0.1767222845971147,0.05180309009022587,0.04222180276143033,0.08756486660605758,0.19524133594908502,3.133479725938238,3.1236353688653526,3.112513540643812,3.107700249255089,0.17717462185126684,0.041466136970463564,0.03996003842642751,0.05139778988860486,0.25725253365528367,3.092204621164931,3.1285582399529135,3.0269484998797784,2.8862663539314126,0.012030388387342413,0.005732536300792505,0.003653368342210885,0.006828705293324393,0.01350358344475763,0.054870600245661684,0.05640433707298804,0.06313841026112713,0.05875991435739769,0.009766281365064826,0.0030018807624128665,0.002403788362548659,0.0033881640373741887,0.01242615911305032,0.19521996598521438,0.19618640848381513,0.19098312377503415,0.18818198306495756,0.9846153846153847
TE_QUIERO,0.15188471057588293,0.18920473799091977,0.06473363175041348,0.10094264111053369,0.32578885359730714,2.1438792769137995,1.0549712789170376,0.7586301074534139,1.2929216968409416,0,0,0,0,0,0,0,0,0,0.10348468211471386,0.16716600307240037,0.03101718245555198,0.07535931629053275,0.17218425302597717,0.9295772272844985,0.27125981751333306,0.2586542017466748,0.7343210958413119,0,0,0,0,0,0,0,0,0,0.020917694056528473,0.02992391979435588,0.02888337999063521,0.019305297739906552,0.1275769041228338,0.3072212256349442,0.5234314638251659,0.2550070404497556,0.02587208792780012,0,0,0,0,0,0,0,0,0,0.3516691364590276,0.49898151524245754,0.13295973875696362,0.30400493208349544,0.6651985651510838,3.10731983399773,2.4748876984345243,2.0299455547397933,2.6122944258081002,0,0,0,0,0,0,0,0,0,0.015372159157407615,0.01994203381671044,0.005880344887642131,0.021158025165075253,0.02761512620833807,0.20926813865688984,0.10077842767995422,0.08525609958465584,0.2149437554404766,0,0,0,0,0,0,0,0,0,0.9230769230769231
TE_QUIERO,0.16427344301489466,0.19126271279311033,0.07123721978956159,0.0994365612180765,0.3411546915538714,2.307930772519087,1.0242646186639013,0.7242114230394914,1.2790574988451793,0,0,0,0,0,0,0,0,0,0.09187467298758206,0.146044097764276,0.025422144694643354,0.06119823186760027,0.14248436612964072,0.8111338225704091,0.18303464487006188,0.20761920346664248,0.7531159984564366,0,0,0,0,0,0,0,0,0,0.04690886255001357,0.04818612202260714,0.03973030989083641,0.040430357184446514,0.13230530986950942,1.2300819453076288,0.7582712361371824,0.37632711275181113,0.4355115898267649,0,0,0,0,0,0,0,0,0,0.3273342647479247,0.4525173672863016,0.11819912972061213,0.30360760503068995,0.5855863034909149,3.1293562229730894,1.7319209782692873,1.6391216791263332,2.4338267763984307,0,0,0,0,0,0,0,0,0,0.012749870504976096,0.018447220243862274,0.0056799792018502274,0.01677001888904608,0.02613867551413069,0.10938304155208754,0.08270172909795401,0.09631785442563777,0.16349397777763552,0,0,0,0,0,0,0,0,0,0.7384615384615385
TE_QUIERO,0.15737872174556886,0.18238197323065974,0.06138590254123236,0.09759862769525522,0.33750167522207436,1.9730252109466488,0.9641843631711525,0.6687682522431924,1.3527450858530201,0,0,0,0,0,0,0,0,0,0.10478045208999749,0.18471351836477787,0.03226589690118216,0.08230982773595237,0.19344441478124436,0.9790933554238901,0.30442498465104506,0.28839759312819424,0.7347043673203412,0,0,0,0,0,0,0,0,0,0.04730966501153309,0.029832150459412416,0.0263824606112603,0.014750709613779615,0.1179526322102599,0.5977041921929732,0.6002755611621464,0.3104636375747909,0.6170489469055758,0,0,0,0,0,0,0,0,0,0.3888314721051064,0.5846121337456869,0.14253963199269515,0.3060748785329786,0.7569318932428397,3.074331799945234,2.577575541507392,2.185790124128562,2.6696126092969212,0,0,0,0,0,0,0,0,0,0.016326569868132274,0.021137938365384218,0.0062007855564324916,0.02058301179207218,0.031542226124445495,0.24968946544950504,0.12001772533284706,0.09637673992436477,0.1780928959106815,0,0,0,0,0,0,0,0,0,0.9692307692307692
TE_QUIERO,0.1330645128503956,0.16906365762217704,0.06846397302528938,0.12484314934175968,0.354023983108104,1.9884070958809033,1.0834253278261374,0.8041169082128199,1.4134012618923,0,0,0,0,0,0,0,0,0,0.08609585207816574,0.14080024083490897,0.026128339364677462,0.11474517339859767,0.20423926389103494,0.8137680101608616,0.3154176536279484,0.2860928614945231,0.5376035863784595,0,0,0,0,0,0,0,0,0,0.026910906503420665,0.04039744678487151,0.041585637347688324,0.02260374952997595,0.16895620480189336,1.0658463630072066,0.6471216195471209,0.4545788938608942,0.6912609045110021,0,0,0,0,0,0,0,0,0,0.2884474907856619,0.42456238512107725,0.12466559493743821,0.3360428388035127,0.7098676815861322,3.0219664183406696,1.911401505119971,1.8521775475624258,2.3520393247056997,0,0,0,0,0,0,0,0,0,0.009161656072094924,0.013683237576388854,0.004265501284573817,0.013333576172745616,0.019969771926007674,0.10597024552905886,0.06976964783870267,0.07605119697057865,0.12700123386079634,0,0,0,0,0,0,0,0,0,0.9846153846153847
TE_QUIERO,0.1526737065539932,0.19817449911119212,0.07120526670787934,0.10874217923080677,0.3561558543427479,2.1266253374357174,1.136139192013842,0.8327214291559473,1.3222477771150467,0,0,0,0,0,0,0,0,0,0.09843002052736807,0.1573146830347286,0.03014242206049589,0.09445880516089342,0.19084716316389716,0.8431489385556901,0.34879651039110793,0.2913535916483202,0.5323447781535708,0,0,0,0,0,0,0,0,0,0.048657429424443226,0.03731884420704067,0.03648434494943124,0.025312251560219025,0.15667872940774705,1.122792809570385,0.7314924589088079,0.4259262862193091,0.39985813079882426,0,0,0,0,0,0,0,0,0,0.32830781111402185,0.464584046965409,0.1344740367264122,0.3419388377587124,0.7118588775537067,3.0704891212635568,2.450308685280743,2.007351163706984,2.217853692199993,0,0,0,0,0,0,0,0,0,0.010651670340881395,0.015811470839275307,0.00455804793545424,0.019487054838081955,0.024880270343505907,0.10556462142987626,0.07851627735955327,0.0706482633587233,0.16128990612917538,0,0,0,0,0,0,0,0,0,0.9076923076923077
TE_QUIERO,0.1901724802678099,0.23795620159130504,0.0878651852530579,0.12384837225743478,0.4154635988041296,2.0957997000088104,1.2462658348468367,0.8426875916672705,1.2958878287325832,0,0,0,0,0,0,0,0,0,0.12573281434797018,0.19233588530347578,0.054448773622113596,0.10313966316535994,0.2303530335676839,0.9305329710688389,0.6207160232050277,0.4831131825047888,0.553717087849619,0,0,0,0,0,0,0,0,0,0.038450322199171334,0.03729960033625554,0.03507462044633796,0.030574847792875663,0.14156029247024374,0.6828987851977608,0.6400484132089101,0.3073038393742551,0.3090863701459364,0,0,0,0,0,0,0,0,0,0.42095629495705866,0.5570578618945625,0.22689485592357567,0.3856750866302037,0.8187355815226744,3.0642075542135867,2.5034068504261673,1.8413136206693117,2.37298277977794,0,0,0,0,0,0,0,0,0,0.01339662353534423,0.019304401256429765,0.007182052886908252,0.02098191538829036,0.028732307628399217,0.10086523999609424,0.08772511574152685,0.07708077389106631,0.15568027371912002,0,0,0,0,0,0,0,0,0,0.9846153846153847
VOY_A_DORMIR,0.13320418466475228,0.029928565333235783,0.027767540873445462,0.04631060219661602,0.13279930872002932,2.9703744801175094,2.9475241519888145,2.9692067035685383,2.979088798747374,0.06533130894407882,0.014728321240687297,0.011721554919150234,0.023053490536494997,0.06476626134454545,1.7904987628335118,1.7941423865959472,1.8108882686097045,1.744350687567887,0.029367993557620948,0.007430864497050444,0.014020406028321868,0.022609132945831167,0.02134711760010775,0.08981933982816,0.11066718942747437,0.12416965105046616,0.1328566797464432,0.058103972992008236,0.013077847016434408,0.014427716701134267,0.022823985197176606,0.060361327906138004,1.4203895659794754,1.4307826822402965,1.4362725926155797,1.3851873436616433,0.07367641665602895,0.014648031356207103,0.007121759749350797,0.02339053624544674,0.07869751570549573,2.54006646294809,2.4343821824826333,2.29456423674285,2.4322923455061067,0,0,0,0,0,0,0,0,0,0.2110991069844742,0.04843903685363504,0.09649615063270005,0.11331759449333603,0.19219640492472775,3.1056558814103505,3.1282370247381017,3.1021532090883785,3.1104946505968716,0.18582379507892807,0.053249941137094615,0.08949795767259972,0.11550763977667473,0.19686541035704216,3.102396466926593,3.1020760045389295,3.130025110339392,3.0349668782718435,0.018898670645419554,0.006571504661292601,0.008811040555626664,0.012103015134829307,0.020838024727461244,0.06009922122853056,0.08368985356900328,0.07148729006880114,0.0615752502115041,0.032110625017248595,0.00810605577587949,0.00834772538990001,0.012206352388871597,0.03361412849364513,0.6615764305170299,0.6671742201565806,0.7012936512010164,0.6480864727986919,0.7230769230769231
VOY_A_DORMIR,0.10905285030955952,0.028807348256233673,0.026350239441639407,0.047068007655696464,0.10981583280298449,2.9609977260686535,2.968914866649763,2.934245854572472,2.8924305824358676,0.0665587263117579,0.02089542029756408,0.015853338456321562,0.028119022064151112,0.07826364272259209,1.6342505711757125,1.6321360460425327,1.632708387244206,1.5961672903467237,0.026855337062522366,0.010798285469631417,0.02308096078597535,0.01594761914882585,0.03686980165156065,0.09237017036924548,0.11596186498365445,0.3082284427299454,0.2834111828166058,0.06013272197127658,0.02005772915451921,0.0179372589480313,0.03319133291210437,0.07331697559142655,1.415024400998705,1.4261922344278426,1.4405566767327387,1.4119288299105397,0.05360025573193686,0.006677797104039534,0.0041286005205866385,0.015971199170799318,0.03674752373715134,2.5540200745115,2.35912951540522,0.9986909161484389,1.1633905580847155,0,0,0,0,0,0,0,0,0,0.16488545421661288,0.06636454972107544,0.17190499132103926,0.07976073053017421,0.21242349299860647,3.1239952711018972,3.1273615909928165,3.133929770646613,3.112169015090307,0.1809465730474102,0.05790091955681162,0.08734792315658384,0.16612432553008263,0.21346698820272503,3.0841299755783513,3.123613058203834,3.1267535726102893,3.029466012486244,0.017933443799479636,0.007966106761195378,0.01167377687323467,0.009382543643841466,0.022219384002435883,0.08660253052384,0.08479571619358837,0.17777329879531056,0.1723840818702923,0.03315469629127796,0.013217300150205183,0.01056605060461171,0.02129669906651307,0.03476788009787261,0.8148247672357996,0.8348980704699999,0.8660524401577105,0.8590161965658077,0.7692307692307693
VOY_A_DORMIR,0.12942805709415411,0.031280428788923606,0.024748656008460417,0.04149280385115836,0.13189475795243152,3.000138862205844,2.982216242789868,3.0137494848300475,2.98496263582504,0.07567197966744925,0.020502300332799588,0.01403847850365491,0.027771860407628562,0.08252400245207882,2.0319598057023462,2.058469869198997,2.067887309907272,2.001461928874262,0.02661347878134656,0.0212175125214824,0.021771498080572247,0.013734945569045321,0.03731435697638849,0.06507145049339116,0.09230045449772062,0.08096883445648438,0.07637592701279027,0.05563496581531511,0.015730126622468463,0.010939766976982145,0.02188911308653539,0.06821263521098404,1.3578644805707103,1.3837271326487492,1.3869069792746394,1.3403188003199416,0.07412134299702972,0.00929296668089739,0.007558575217339467,0.005526316764890301,0.07307367101265035,2.8257071497618105,2.629530268414917,2.711577169634024,2.731262354708699,0,0,0,0,0,0,0,0,0,0.21324534662871916,0.1521208016435631,0.16469302388457663,0.07513027124910297,0.27078940307913574,3.1175089159475617,3.1369782805692337,3.1333821640594053,3.106869440493618,0.20097724731347,0.06028442919491509,0.03714119983667942,0.06550168002442941,0.24185600892814685,3.087772546517425,3.1306220907879228,3.1173123948485912,3.093715819600337,0.014953644631041903,0.011984985944715995,0.010391504033878835,0.008148401940885616,0.024741121623481896,0.056290408682939004,0.07276536089394339,0.061652979533640816,0.05505475350834923,0.031160867918654373,0.00851434413859205,0.0072555560255443,0.01213596011289482,0.03423182862604333,0.6433171985532756,0.6514565795315955,0.6677057844590181,0.6361153278334244,0.7538461538461538
VOY_A_DORMIR,0.11211089033227746,0.031500024616418563,0.029024330470935614,0.0469536499937064,0.1419960175256871,3.0451995219948955,3.029970999667989,2.9987849737523145,2.9908680006409725,0.026238858617707896,0.005415753522562601,0.007018725621128414,0.012647892026745173,0.03361988138886026,0.6814956672303768,0.6688607499570688,0.6510434678139305,0.6179422855389323,0.020399316874382074,0.00807663966924024,0.0089773602545797,0.019482793070330323,0.02126196239056241,0.0796026233600529,0.08780797120896452,0.08227570503466064,0.07116848646171275,0.048804106633751294,0.010115945794992587,0.013154454640076241,0.024011074583382568,0.062460804116043364,1.2398862000847743,1.2181479033201943,1.1855488974138555,1.1252255577356507,0.08853122424662596,0.010232032561878142,0.02110031968180146,0.027970126107873507,0.11578300875959871,2.6365646330788133,2.6099560633863734,2.664005145185872,2.67087271108629,0,0,0,0,0,0,0,0,0,0.1604143637789305,0.056432126355930624,0.06366447229209264,0.11099170271301233,0.18434731006457622,3.1282391780687666,3.1323555407448778,3.1390471645467124,3.096014246329899,0.14472953223433696,0.0338541628109441,0.046904180189075176,0.09374650555166875,0.1815594460207134,3.0962588937205062,3.0667382660724885,3.0710615933690413,3.010892731045104,0.006944040839613697,0.003807199477124445,0.003054004954317577,0.0044012368405371375,0.009210686628850627,0.03826036454291449,0.036217914793715576,0.041315733075093744,0.02940302147565045,0.010529381202303512,0.002923691856021256,0.003603624900376162,0.006322850746978806,0.015498288655046084,0.23988277928344628,0.2349261297116853,0.22752276533612925,0.21949013175204335,0.9230769230769231
